timeStamp,elapsed,label,responseCode,responseMessage,threadName,dataType,success,failureMessage,bytes,sentBytes,grpThreads,allThreads,Latency,IdleTime,Connect
1520507460213,21134,HTTP Request,200,,Thread Group 1-30,text,true,,161,118,100,100,20638,0,8805
1520507514124,1234,HTTP Request,200,,Thread Group 1-8,text,true,,161,118,100,100,1234,0,21
1520507482000,22580,HTTP Request,200,,Thread Group 1-41,text,true,,161,118,100,100,22580,0,798
1520507510149,31161,HTTP Request,200,,Thread Group 1-3,text,true,,161,118,100,100,31160,0,12183
1520507459556,21878,HTTP Request,200,,Thread Group 1-78,text,true,,161,118,100,100,21877,0,12706
1520507520439,20876,HTTP Request,200,,Thread Group 1-12,text,true,,161,118,100,100,20864,0,1
1520507482001,33538,HTTP Request,200,,Thread Group 1-12,text,true,,161,118,100,100,33538,0,605
1520507514954,26365,HTTP Request,200,,Thread Group 1-37,text,true,,161,118,100,100,26365,0,5305
1520507501853,13775,HTTP Request,200,,Thread Group 1-85,text,true,,161,118,100,100,13774,0,9
1520507514215,27092,HTTP Request,200,,Thread Group 1-83,text,true,,161,118,100,100,27077,0,4114
1520507521722,19602,HTTP Request,200,,Thread Group 1-62,text,true,,161,118,100,100,19602,0,11
1520507514142,1594,HTTP Request,200,,Thread Group 1-72,text,true,,161,118,100,100,1594,0,0
1520507520441,20885,HTTP Request,200,,Thread Group 1-34,text,true,,161,118,100,100,20884,0,0
1520507499149,16720,HTTP Request,200,,Thread Group 1-93,text,true,,161,118,100,100,16709,0,62
1520507518599,22734,HTTP Request,200,,Thread Group 1-54,text,true,,161,118,100,100,22733,0,307
1520507514956,1029,HTTP Request,200,,Thread Group 1-29,text,true,,161,118,100,100,1029,0,0
1520507518907,22428,HTTP Request,200,,Thread Group 1-50,text,true,,161,118,100,100,22427,0,6
1520507514428,1562,HTTP Request,200,,Thread Group 1-58,text,true,,161,118,100,100,1561,0,1
1520507519974,21364,HTTP Request,200,,Thread Group 1-32,text,true,,161,118,100,100,21363,0,175
1520507482000,34199,HTTP Request,200,,Thread Group 1-15,text,true,,161,118,100,100,28733,0,2140
1520507518467,22883,HTTP Request,200,,Thread Group 1-14,text,true,,161,118,100,100,22883,0,0
1520507496324,19892,HTTP Request,200,,Thread Group 1-49,text,true,,161,118,100,100,19892,0,8250
1520507513735,27606,HTTP Request,200,,Thread Group 1-7,text,true,,161,118,100,100,27606,0,8742
1520507514431,1836,HTTP Request,200,,Thread Group 1-86,text,true,,161,118,100,100,1836,0,0
1520507518429,22922,HTTP Request,200,,Thread Group 1-72,text,true,,161,118,100,100,22922,0,0
1520507514435,1834,HTTP Request,200,,Thread Group 1-63,text,true,,161,118,100,100,1834,0,0
1520507516270,25082,HTTP Request,200,,Thread Group 1-63,text,true,,161,118,100,100,25082,0,24958
1520507501421,14880,HTTP Request,200,,Thread Group 1-40,text,true,,161,118,100,100,14880,0,3784
1520507518472,22868,HTTP Request,200,,Thread Group 1-23,text,true,,161,118,100,100,22868,0,6
1520507510872,5444,HTTP Request,200,,Thread Group 1-14,text,true,,161,118,100,100,5444,0,3270
1520507518481,22877,HTTP Request,200,,Thread Group 1-1,text,true,,161,118,100,100,22876,0,1
1520507515342,974,HTTP Request,200,,Thread Group 1-42,text,true,,161,118,100,100,973,0,0
1520507519468,21856,HTTP Request,200,,Thread Group 1-45,text,true,,161,118,100,100,21854,0,17
1520507514504,1890,HTTP Request,200,,Thread Group 1-79,text,true,,161,118,100,100,1889,0,1
1520507514958,26387,HTTP Request,200,,Thread Group 1-52,text,true,,161,118,100,100,26370,0,5480
1520507514141,2254,HTTP Request,200,,Thread Group 1-4,text,true,,161,118,100,100,2254,0,0
1520507516505,24862,HTTP Request,200,,Thread Group 1-84,text,true,,161,118,100,100,24846,0,24715
1520507514495,1901,HTTP Request,200,,Thread Group 1-90,text,true,,161,118,100,100,1894,0,1
1520507520251,21092,HTTP Request,200,,Thread Group 1-44,text,true,,161,118,100,100,21092,0,5
1520507514483,1915,HTTP Request,200,,Thread Group 1-74,text,true,,161,118,100,100,1915,0,1
1520507504583,36791,HTTP Request,200,,Thread Group 1-55,text,true,,161,118,100,100,36779,0,36625
1520507511908,4494,HTTP Request,200,,Thread Group 1-88,text,true,,161,118,100,100,4493,0,2236
1520507517520,23860,HTTP Request,200,,Thread Group 1-88,text,true,,161,118,100,100,23860,0,1
1520507520249,21132,HTTP Request,200,,Thread Group 1-95,text,true,,161,118,100,100,21132,0,20962
1520507504574,36766,HTTP Request,200,,Thread Group 1-73,text,true,,161,118,100,100,36766,0,15680
1520507512637,28755,HTTP Request,200,,Thread Group 1-98,text,true,,161,118,100,100,28755,0,28582
1520507518476,22927,HTTP Request,200,,Thread Group 1-77,text,true,,161,118,100,100,22926,0,22738
1520507541209,223,HTTP Request,200,,Thread Group 1-99,text,true,,161,118,100,100,216,0,0
1520507518002,23452,HTTP Request,200,,Thread Group 1-39,text,true,,161,118,100,100,23370,0,23228
1520507541276,186,HTTP Request,200,,Thread Group 1-96,text,true,,161,118,100,100,186,0,14
1520507541351,113,HTTP Request,200,,Thread Group 1-7,text,true,,161,118,100,100,113,0,0
1520507510941,30560,HTTP Request,200,,Thread Group 1-76,text,true,,161,118,100,100,30559,0,30280
1520507517287,24171,HTTP Request,200,,Thread Group 1-6,text,true,,161,118,100,100,24126,0,23931
1520507521576,19934,HTTP Request,200,,Thread Group 1-20,text,true,,161,118,100,100,19933,0,19683
1520507541325,189,HTTP Request,200,,Thread Group 1-62,text,true,,161,118,100,100,189,0,0
1520507541383,131,HTTP Request,200,,Thread Group 1-73,text,true,,161,118,100,100,131,0,30
1520507541276,249,HTTP Request,200,,Thread Group 1-24,text,true,,161,118,100,100,248,0,1
1520507541325,202,HTTP Request,200,,Thread Group 1-83,text,true,,161,118,100,100,202,0,0
1520507541260,284,HTTP Request,200,,Thread Group 1-67,text,true,,161,118,100,100,251,0,1
1520507541215,331,HTTP Request,200,,Thread Group 1-28,text,true,,161,118,100,100,331,0,44
1520507541368,171,HTTP Request,200,,Thread Group 1-44,text,true,,161,118,100,100,143,0,0
1520507541389,144,HTTP Request,200,,Thread Group 1-26,text,true,,161,118,100,100,109,0,1
1520507541293,201,HTTP Request,200,,Thread Group 1-71,text,true,,161,118,100,100,200,0,0
1520507541255,277,HTTP Request,200,,Thread Group 1-2,text,true,,161,118,100,100,276,0,32
1520507517466,24090,HTTP Request,200,,Thread Group 1-91,text,true,,161,118,100,100,24090,0,23814
1520507517539,24018,HTTP Request,200,,Thread Group 1-65,text,true,,161,118,100,100,24018,0,23744
1520507541265,299,HTTP Request,200,,Thread Group 1-81,text,true,,161,118,100,100,258,0,1
1520507541368,201,HTTP Request,200,,Thread Group 1-84,text,true,,161,118,100,100,201,0,0
1520507541258,281,HTTP Request,200,,Thread Group 1-82,text,true,,161,118,100,100,280,0,0
1520507541215,322,HTTP Request,200,,Thread Group 1-78,text,true,,161,118,100,100,315,0,10
1520507521956,19579,HTTP Request,200,,Thread Group 1-40,text,true,,161,118,100,100,19578,0,19317
1520507541300,273,HTTP Request,200,,Thread Group 1-9,text,true,,161,118,100,100,242,0,101
1520507541267,323,HTTP Request,200,,Thread Group 1-87,text,true,,161,118,100,100,321,0,18
1520507541284,312,HTTP Request,200,,Thread Group 1-57,text,true,,161,118,100,100,277,0,131
1520507541381,224,HTTP Request,200,,Thread Group 1-95,text,true,,161,118,100,100,224,0,1
1520507541366,241,HTTP Request,200,,Thread Group 1-50,text,true,,161,118,100,100,240,0,0
1520507516198,25411,HTTP Request,200,,Thread Group 1-15,text,true,,161,118,100,100,25411,0,25036
1520507519361,22255,HTTP Request,200,,Thread Group 1-53,text,true,,161,118,100,100,22160,0,21851
1520507541356,264,HTTP Request,200,,Thread Group 1-23,text,true,,161,118,100,100,264,0,0
1520507516217,25420,HTTP Request,200,,Thread Group 1-49,text,true,,161,118,100,100,25419,0,25050
1520507541609,57,HTTP Request,200,,Thread Group 1-15,text,true,,161,118,100,100,57,0,1
1520507517949,23722,HTTP Request,200,,Thread Group 1-5,text,true,,161,118,100,100,23710,0,23340
1520507541597,80,HTTP Request,200,,Thread Group 1-57,text,true,,161,118,100,100,80,0,10
1520507541566,125,HTTP Request,200,,Thread Group 1-83,text,true,,161,118,100,100,125,0,56
1520507541210,484,HTTP Request,200,,Thread Group 1-85,text,true,,161,118,100,100,484,0,0
1520507504595,37105,HTTP Request,200,,Thread Group 1-27,text,true,,161,118,100,100,36918,0,36613
1520507541385,319,HTTP Request,200,,Thread Group 1-34,text,true,,161,118,100,100,319,0,32
1520507493183,11397,HTTP Request,200,,Thread Group 1-59,text,true,,161,118,100,100,11397,0,0
1520507460090,21258,HTTP Request,200,,Thread Group 1-1,text,true,,161,118,100,100,19854,0,8292
1520507482006,22576,HTTP Request,200,,Thread Group 1-32,text,true,,161,118,100,100,22576,0,1
1520507493171,11412,HTTP Request,200,,Thread Group 1-48,text,true,,161,118,100,100,11411,0,1
1520507459038,22310,HTTP Request,200,,Thread Group 1-5,text,true,,161,118,100,100,22036,0,9982
1520507494598,9985,HTTP Request,200,,Thread Group 1-55,text,true,,161,118,100,100,9985,0,0
1520507459079,22269,HTTP Request,200,,Thread Group 1-15,text,true,,161,118,100,100,20642,0,11907
1520507494010,10574,HTTP Request,200,,Thread Group 1-100,text,true,,161,118,100,100,10573,0,1
1520507460100,21247,HTTP Request,200,,Thread Group 1-41,text,true,,161,118,100,100,19370,0,8278
1520507494817,9770,HTTP Request,200,,Thread Group 1-60,text,true,,161,118,100,100,9768,0,1
1520507460215,21133,HTTP Request,200,,Thread Group 1-25,text,true,,161,118,100,100,20636,0,8803
1520507494817,9772,HTTP Request,200,,Thread Group 1-57,text,true,,161,118,100,100,9771,0,171
1520507460090,21258,HTTP Request,200,,Thread Group 1-12,text,true,,161,118,100,100,20761,0,8823
1520507482007,22584,HTTP Request,200,,Thread Group 1-33,text,true,,161,118,100,100,22584,0,0
1520507459556,21792,HTTP Request,200,,Thread Group 1-91,text,true,,161,118,100,100,21457,0,11910
1520507482002,22594,HTTP Request,200,,Thread Group 1-69,text,true,,161,118,100,100,22594,0,6
1520507460215,21132,HTTP Request,200,,Thread Group 1-18,text,true,,161,118,100,100,19900,0,8162
1520507482008,22588,HTTP Request,200,,Thread Group 1-27,text,true,,161,118,100,100,22588,0,314
1520507460311,21036,HTTP Request,200,,Thread Group 1-65,text,true,,161,118,100,100,19159,0,8068
1520507493175,11423,HTTP Request,200,,Thread Group 1-70,text,true,,161,118,100,100,11423,0,1
1520507460090,21258,HTTP Request,200,,Thread Group 1-22,text,true,,161,118,100,100,20110,0,8275
1520507494462,10136,HTTP Request,200,,Thread Group 1-56,text,true,,161,118,100,100,10136,0,137
1520507459317,22361,HTTP Request,200,,Thread Group 1-10,text,true,,161,118,100,100,22360,0,12150
1520507494459,10140,HTTP Request,200,,Thread Group 1-43,text,true,,161,118,100,100,10140,0,1
1520507460198,21210,HTTP Request,200,,Thread Group 1-87,text,true,,161,118,100,100,21210,0,10786
1520507459556,45044,HTTP Request,200,,Thread Group 1-63,text,true,,161,118,100,100,45044,0,8809
1520507460090,21257,HTTP Request,200,,Thread Group 1-66,text,true,,161,118,100,100,20761,0,8882
1520507494464,10137,HTTP Request,200,,Thread Group 1-58,text,true,,161,118,100,100,10137,0,1
1520507460214,21447,HTTP Request,200,,Thread Group 1-29,text,true,,161,118,100,100,21436,0,8245
1520507482656,22780,HTTP Request,200,,Thread Group 1-52,text,true,,161,118,100,100,22780,0,1807
1520507460215,21132,HTTP Request,200,,Thread Group 1-24,text,true,,161,118,100,100,20636,0,11452
1520507496241,9127,HTTP Request,200,,Thread Group 1-74,text,true,,161,118,100,100,9127,0,2738
1520507459308,22039,HTTP Request,200,,Thread Group 1-67,text,true,,161,118,100,100,20660,0,12358
1520507459858,50281,HTTP Request,200,,Thread Group 1-76,text,true,,161,118,100,100,44716,0,10145
1520507460215,21132,HTTP Request,200,,Thread Group 1-26,text,true,,161,118,100,100,19326,0,11486
1520507460309,49830,HTTP Request,200,,Thread Group 1-39,text,true,,161,118,100,100,44265,0,10903
1520507459022,22325,HTTP Request,200,,Thread Group 1-72,text,true,,161,118,100,100,20448,0,9359
1520507460215,44362,HTTP Request,200,,Thread Group 1-35,text,true,,161,118,100,100,40749,0,8835
1520507460099,21248,HTTP Request,200,,Thread Group 1-69,text,true,,161,118,100,100,19371,0,8266
1520507494379,15769,HTTP Request,200,,Thread Group 1-3,text,true,,161,118,100,100,15769,0,428
1520507460214,21133,HTTP Request,200,,Thread Group 1-44,text,true,,161,118,100,100,19255,0,8168
1520507482003,28147,HTTP Request,200,,Thread Group 1-86,text,true,,161,118,100,100,28147,0,1477
1520507460099,21450,HTTP Request,200,,Thread Group 1-42,text,true,,161,118,100,100,21145,0,9505
1520507496537,13620,HTTP Request,200,,Thread Group 1-62,text,true,,161,118,100,100,13620,0,62
1520507460215,21257,HTTP Request,200,,Thread Group 1-71,text,true,,161,118,100,100,21248,0,12087
1520507482367,27792,HTTP Request,200,,Thread Group 1-29,text,true,,161,118,100,100,27792,0,42
1520507459556,22338,HTTP Request,200,,Thread Group 1-88,text,true,,161,118,100,100,22337,0,11629
1520507459313,46142,HTTP Request,200,,Thread Group 1-77,text,true,,161,118,100,100,45264,0,10828
1520507459022,22326,HTTP Request,200,,Thread Group 1-85,text,true,,161,118,100,100,21830,0,11966
1520507496301,13859,HTTP Request,200,,Thread Group 1-98,text,true,,161,118,100,100,13859,0,182
1520507460212,21137,HTTP Request,200,,Thread Group 1-34,text,true,,161,118,100,100,19257,0,8826
1520507482007,28155,HTTP Request,200,,Thread Group 1-21,text,true,,161,118,100,100,28155,0,0
1520507460090,21346,HTTP Request,200,,Thread Group 1-45,text,true,,161,118,100,100,21337,0,11099
1520507482002,28161,HTTP Request,200,,Thread Group 1-7,text,true,,161,118,100,100,22567,0,0
1520507460090,21258,HTTP Request,200,,Thread Group 1-97,text,true,,161,118,100,100,20763,0,11213
1520507482004,28160,HTTP Request,200,,Thread Group 1-88,text,true,,161,118,100,100,28160,0,396
1520507459556,21791,HTTP Request,200,,Thread Group 1-89,text,true,,161,118,100,100,21295,0,11614
1520507504601,5564,HTTP Request,200,,Thread Group 1-58,text,true,,161,118,100,100,5563,0,1
1520507459053,22295,HTTP Request,200,,Thread Group 1-80,text,true,,161,118,100,100,21129,0,13250
1520507504583,5582,HTTP Request,200,,Thread Group 1-48,text,true,,161,118,100,100,5581,0,19
1520507459556,21792,HTTP Request,200,,Thread Group 1-7,text,true,,161,118,100,100,21488,0,11429
1520507505436,4732,HTTP Request,200,,Thread Group 1-52,text,true,,161,118,100,100,4732,0,0
1520507460099,21719,HTTP Request,200,,Thread Group 1-86,text,true,,161,118,100,100,21699,0,10889
1520507504595,5576,HTTP Request,200,,Thread Group 1-69,text,true,,161,118,100,100,5576,0,1
1520507460309,21039,HTTP Request,200,,Thread Group 1-81,text,true,,161,118,100,100,21006,0,9403
1520507504600,5577,HTTP Request,200,,Thread Group 1-63,text,true,,161,118,100,100,5576,0,0
1520507460214,21134,HTTP Request,200,,Thread Group 1-99,text,true,,161,118,100,100,20966,0,11193
1520507504584,5595,HTTP Request,200,,Thread Group 1-100,text,true,,161,118,100,100,5594,0,10
1520507460309,21039,HTTP Request,200,,Thread Group 1-33,text,true,,161,118,100,100,20775,0,8067
1520507504598,5585,HTTP Request,200,,Thread Group 1-56,text,true,,161,118,100,100,5585,0,1
1520507460311,21037,HTTP Request,200,,Thread Group 1-21,text,true,,161,118,100,100,20747,0,8064
1520507482001,28185,HTTP Request,200,,Thread Group 1-18,text,true,,161,118,100,100,28185,0,7
1520507460308,21420,HTTP Request,200,,Thread Group 1-27,text,true,,161,118,100,100,21419,0,8948
1520507501366,8825,HTTP Request,200,,Thread Group 1-90,text,true,,161,118,100,100,8825,0,3207
1520507460213,21135,HTTP Request,200,,Thread Group 1-96,text,true,,161,118,100,100,20921,0,10938
1520507500960,9231,HTTP Request,200,,Thread Group 1-61,text,true,,161,118,100,100,9230,0,1
1520507460215,21133,HTTP Request,200,,Thread Group 1-52,text,true,,161,118,100,100,20858,0,8167
1520507500956,9246,HTTP Request,200,,Thread Group 1-36,text,true,,161,118,100,100,9246,0,1
1520507460098,21250,HTTP Request,200,,Thread Group 1-32,text,true,,161,118,100,100,20755,0,8952
1520507494449,15754,HTTP Request,200,,Thread Group 1-51,text,true,,161,118,100,100,15753,0,0
1520507460214,21133,HTTP Request,200,,Thread Group 1-95,text,true,,161,118,100,100,19256,0,8591
1520507504579,5641,HTTP Request,200,,Thread Group 1-41,text,true,,161,118,100,100,5641,0,1
1520507460215,32922,HTTP Request,200,,Thread Group 1-46,text,true,,161,118,100,100,32922,0,8150
1520507482325,27896,HTTP Request,200,,Thread Group 1-42,text,true,,161,118,100,100,27896,0,115
1520507460089,33053,HTTP Request,200,,Thread Group 1-54,text,true,,161,118,100,100,33052,0,9094
1520507493185,17036,HTTP Request,200,,Thread Group 1-28,text,true,,161,118,100,100,17036,0,1
1520507494206,22232,HTTP Request,200,,Thread Group 1-47,text,true,,161,118,100,100,22232,0,136
1520507499423,10764,HTTP Request,200,,Thread Group 1-37,text,true,,161,118,100,100,10764,0,1
1520507482002,34619,HTTP Request,200,,Thread Group 1-10,text,true,,161,118,100,100,34580,0,2042
1520507494474,15751,HTTP Request,200,,Thread Group 1-11,text,true,,161,118,100,100,15751,0,125
1520507482002,35275,HTTP Request,200,,Thread Group 1-45,text,true,,161,118,100,100,30650,0,382
1520507482001,28228,HTTP Request,200,,Thread Group 1-22,text,true,,161,118,100,100,28228,0,9
1520507495896,21390,HTTP Request,200,,Thread Group 1-6,text,true,,161,118,100,100,21390,0,2769
1520507482004,28816,HTTP Request,200,,Thread Group 1-25,text,true,,161,118,100,100,28133,0,2219
1520507482027,31253,HTTP Request,200,,Thread Group 1-91,text,true,,161,118,100,100,31170,0,2177
1520507510150,681,HTTP Request,200,,Thread Group 1-70,text,true,,161,118,100,100,681,0,4
1520507514971,2515,HTTP Request,200,,Thread Group 1-22,text,true,,161,118,100,100,2515,0,1
1520507510137,702,HTTP Request,200,,Thread Group 1-74,text,true,,161,118,100,100,702,0,0
1520507514499,2989,HTTP Request,200,,Thread Group 1-70,text,true,,161,118,100,100,2989,0,0
1520507510144,700,HTTP Request,200,,Thread Group 1-35,text,true,,161,118,100,100,700,0,0
1520507514963,2529,HTTP Request,200,,Thread Group 1-56,text,true,,161,118,100,100,2526,0,0
1520507505455,5394,HTTP Request,200,,Thread Group 1-79,text,true,,161,118,100,100,5394,0,4704
1520507514861,2632,HTTP Request,200,,Thread Group 1-78,text,true,,161,118,100,100,2632,0,1
1520507510172,683,HTTP Request,200,,Thread Group 1-69,text,true,,161,118,100,100,683,0,64
1520507514974,2522,HTTP Request,200,,Thread Group 1-61,text,true,,161,118,100,100,2522,0,0
1520507499385,11486,HTTP Request,200,,Thread Group 1-14,text,true,,161,118,100,100,11450,0,10778
1520507514910,2589,HTTP Request,200,,Thread Group 1-46,text,true,,161,118,100,100,2575,0,1
1520507460214,49925,HTTP Request,200,,Thread Group 1-75,text,true,,161,118,100,100,44360,0,8804
1520507514731,2771,HTTP Request,200,,Thread Group 1-11,text,true,,161,118,100,100,2770,0,0
1520507495896,15779,HTTP Request,200,,Thread Group 1-84,text,true,,161,118,100,100,14252,0,3265
1520507514673,2835,HTTP Request,200,,Thread Group 1-51,text,true,,161,118,100,100,2834,0,0
1520507482062,29849,HTTP Request,200,,Thread Group 1-71,text,true,,161,118,100,100,28091,0,1419
1520507514967,2544,HTTP Request,200,,Thread Group 1-18,text,true,,161,118,100,100,2539,0,1
1520507504581,7712,HTTP Request,200,,Thread Group 1-59,text,true,,161,118,100,100,7712,0,5572
1520507516403,1117,HTTP Request,200,,Thread Group 1-88,text,true,,161,118,100,100,1117,0,0
1520507482062,30253,HTTP Request,200,,Thread Group 1-89,text,true,,161,118,100,100,28092,0,1418
1520507514141,3382,HTTP Request,200,,Thread Group 1-1,text,true,,161,118,100,100,3376,0,0
1520507459556,50601,HTTP Request,200,,Thread Group 1-9,text,true,,161,118,100,100,45021,0,11912
1520507516396,1129,HTTP Request,200,,Thread Group 1-90,text,true,,161,118,100,100,1129,0,1
1520507482001,28159,HTTP Request,200,,Thread Group 1-65,text,true,,161,118,100,100,28136,0,1481
1520507515985,1543,HTTP Request,200,,Thread Group 1-29,text,true,,161,118,100,100,1541,0,1
1520507459301,54576,HTTP Request,200,,Thread Group 1-13,text,true,,161,118,100,100,50863,0,12165
1520507515358,2172,HTTP Request,200,,Thread Group 1-8,text,true,,161,118,100,100,2171,0,2
1520507501462,12654,HTTP Request,200,,Thread Group 1-8,text,true,,161,118,100,100,12654,0,3111
1520507514985,2549,HTTP Request,200,,Thread Group 1-19,text,true,,161,118,100,100,2548,0,1
1520507504573,9567,HTTP Request,200,,Thread Group 1-4,text,true,,161,118,100,100,9567,0,5571
1520507516396,1163,HTTP Request,200,,Thread Group 1-4,text,true,,161,118,100,100,1162,0,0
1520507482003,32138,HTTP Request,200,,Thread Group 1-1,text,true,,161,118,100,100,32138,0,1476
1520507500958,13027,HTTP Request,200,,Thread Group 1-5,text,true,,161,118,100,100,13027,0,3610
1520507481999,32144,HTTP Request,200,,Thread Group 1-72,text,true,,161,118,100,100,32144,0,11
1520507511006,6995,HTTP Request,200,,Thread Group 1-39,text,true,,161,118,100,100,6995,0,5375
1520507493137,21006,HTTP Request,200,,Thread Group 1-46,text,true,,161,118,100,100,21006,0,997
1520507514964,3153,HTTP Request,200,,Thread Group 1-43,text,true,,161,118,100,100,3152,0,0
1520507496789,13371,HTTP Request,200,,Thread Group 1-83,text,true,,161,118,100,100,8654,0,1
1520507516318,1802,HTTP Request,200,,Thread Group 1-42,text,true,,161,118,100,100,1796,0,1
1520507510179,4057,HTTP Request,200,,Thread Group 1-100,text,true,,161,118,100,100,4056,0,0
1520507501793,16375,HTTP Request,200,,Thread Group 1-54,text,true,,161,118,100,100,16374,0,15018
1520507496449,17955,HTTP Request,200,,Thread Group 1-20,text,true,,161,118,100,100,13708,0,2080
1520507516268,2076,HTTP Request,200,,Thread Group 1-86,text,true,,161,118,100,100,2076,0,1
1520507510221,4201,HTTP Request,200,,Thread Group 1-41,text,true,,161,118,100,100,4201,0,12
1520507517508,836,HTTP Request,200,,Thread Group 1-51,text,true,,161,118,100,100,836,0,1
1520507510165,4263,HTTP Request,200,,Thread Group 1-58,text,true,,161,118,100,100,4263,0,0
1520507517534,823,HTTP Request,200,,Thread Group 1-19,text,true,,161,118,100,100,822,0,1
1520507510164,4266,HTTP Request,200,,Thread Group 1-86,text,true,,161,118,100,100,4266,0,2
1520507517530,879,HTTP Request,200,,Thread Group 1-8,text,true,,161,118,100,100,877,0,1
1520507510177,4258,HTTP Request,200,,Thread Group 1-63,text,true,,161,118,100,100,4257,0,1
1520507515736,2692,HTTP Request,200,,Thread Group 1-72,text,true,,161,118,100,100,2692,0,1
1520507510840,3643,HTTP Request,200,,Thread Group 1-74,text,true,,161,118,100,100,3642,0,0
1520507516317,2149,HTTP Request,200,,Thread Group 1-14,text,true,,161,118,100,100,2149,0,0
1520507512293,2197,HTTP Request,200,,Thread Group 1-59,text,true,,161,118,100,100,2197,0,1
1520507517497,974,HTTP Request,200,,Thread Group 1-61,text,true,,161,118,100,100,973,0,0
1520507510192,4303,HTTP Request,200,,Thread Group 1-90,text,true,,161,118,100,100,4303,0,0
1520507500960,17509,HTTP Request,200,,Thread Group 1-23,text,true,,161,118,100,100,17387,0,4483
1520507510832,3666,HTTP Request,200,,Thread Group 1-70,text,true,,161,118,100,100,3661,0,1
1520507510159,8313,HTTP Request,200,,Thread Group 1-77,text,true,,161,118,100,100,8312,0,4701
1520507517511,965,HTTP Request,200,,Thread Group 1-18,text,true,,161,118,100,100,964,0,1
1520507510850,3654,HTTP Request,200,,Thread Group 1-79,text,true,,161,118,100,100,3653,0,0
1520507517524,956,HTTP Request,200,,Thread Group 1-1,text,true,,161,118,100,100,956,0,0
1520507510203,4469,HTTP Request,200,,Thread Group 1-51,text,true,,161,118,100,100,4469,0,3940
1520507517559,927,HTTP Request,200,,Thread Group 1-4,text,true,,161,118,100,100,926,0,1
1520507513363,1309,HTTP Request,200,,Thread Group 1-21,text,true,,161,118,100,100,1309,0,305
1520507517502,985,HTTP Request,200,,Thread Group 1-11,text,true,,161,118,100,100,983,0,1
1520507510225,4506,HTTP Request,200,,Thread Group 1-11,text,true,,161,118,100,100,4505,0,3916
1520507518117,449,HTTP Request,200,,Thread Group 1-43,text,true,,161,118,100,100,449,0,1
1520507481999,32863,HTTP Request,200,,Thread Group 1-78,text,true,,161,118,100,100,32862,0,1482
1520507518169,422,HTTP Request,200,,Thread Group 1-54,text,true,,161,118,100,100,421,0,2
1520507514143,767,HTTP Request,200,,Thread Group 1-46,text,true,,161,118,100,100,766,0,1
1520507504578,14328,HTTP Request,200,,Thread Group 1-50,text,true,,161,118,100,100,14014,0,12233
1520507482000,32947,HTTP Request,200,,Thread Group 1-26,text,true,,161,118,100,100,32216,0,1554
1520507511141,8110,HTTP Request,200,,Thread Group 1-75,text,true,,161,118,100,100,8109,0,211
1520507510222,4731,HTTP Request,200,,Thread Group 1-37,text,true,,161,118,100,100,4731,0,10
1520507460090,59244,HTTP Request,200,,Thread Group 1-53,text,true,,161,118,100,100,59226,0,11201
1520507510159,4796,HTTP Request,200,,Thread Group 1-29,text,true,,161,118,100,100,4796,0,1
1520507496445,22937,HTTP Request,200,,Thread Group 1-17,text,true,,161,118,100,100,22861,0,4516
1520507482002,37648,HTTP Request,200,,Thread Group 1-97,text,true,,161,118,100,100,37645,0,1511
1520507510168,4790,HTTP Request,200,,Thread Group 1-52,text,true,,161,118,100,100,4790,0,1
1520507504582,15310,HTTP Request,200,,Thread Group 1-32,text,true,,161,118,100,100,15232,0,7736
1520507510183,4779,HTTP Request,200,,Thread Group 1-56,text,true,,161,118,100,100,4772,0,18
1520507482794,37456,HTTP Request,200,,Thread Group 1-95,text,true,,161,118,100,100,34620,0,1738
1520507510149,4814,HTTP Request,200,,Thread Group 1-43,text,true,,161,118,100,100,4814,0,14
1520507500960,18071,HTTP Request,200,,Thread Group 1-44,text,true,,161,118,100,100,18071,0,16455
1520507510186,4781,HTTP Request,200,,Thread Group 1-18,text,true,,161,118,100,100,4780,0,16
1520507504567,15871,HTTP Request,200,,Thread Group 1-92,text,true,,161,118,100,100,15871,0,575
1520507510228,4743,HTTP Request,200,,Thread Group 1-22,text,true,,161,118,100,100,4732,0,1
1520507482003,38438,HTTP Request,200,,Thread Group 1-34,text,true,,161,118,100,100,38438,0,1
1520507510192,4781,HTTP Request,200,,Thread Group 1-61,text,true,,161,118,100,100,4781,0,0
1520507514237,6204,HTTP Request,200,,Thread Group 1-100,text,true,,161,118,100,100,6204,0,0
1520507510222,4758,HTTP Request,200,,Thread Group 1-28,text,true,,161,118,100,100,4758,0,0
1520507513005,7808,HTTP Request,200,,Thread Group 1-9,text,true,,161,118,100,100,7808,0,2
1520507510856,4127,HTTP Request,200,,Thread Group 1-69,text,true,,161,118,100,100,4125,0,0
1520507482002,34426,HTTP Request,200,,Thread Group 1-87,text,true,,161,118,100,100,29624,0,1478
1520507504575,10410,HTTP Request,200,,Thread Group 1-19,text,true,,161,118,100,100,10409,0,5561
1520507514415,7161,HTTP Request,200,,Thread Group 1-20,text,true,,161,118,100,100,7161,0,113
1520507510165,4824,HTTP Request,200,,Thread Group 1-48,text,true,,161,118,100,100,4822,0,0
1520507514404,7190,HTTP Request,200,,Thread Group 1-62,text,true,,161,118,100,100,7190,0,135
1520507510221,5120,HTTP Request,200,,Thread Group 1-42,text,true,,161,118,100,100,5117,0,3920
1520507494800,21630,HTTP Request,200,,Thread Group 1-94,text,true,,161,118,100,100,16667,0,164
1520507510845,4498,HTTP Request,200,,Thread Group 1-35,text,true,,161,118,100,100,4491,0,3299
1520507482003,59206,HTTP Request,200,,Thread Group 1-99,text,true,,161,118,100,100,35275,0,1477
1520507515628,25582,HTTP Request,200,,Thread Group 1-85,text,true,,161,118,100,100,25581,0,19
1520507482009,59202,HTTP Request,200,,Thread Group 1-80,text,true,,161,118,100,100,38431,0,0
1520507482330,37156,HTTP Request,200,,Thread Group 1-66,text,true,,161,118,100,100,37156,0,1204
1520507514673,26539,HTTP Request,200,,Thread Group 1-21,text,true,,161,118,100,100,26539,0,3447
1520507517486,23728,HTTP Request,200,,Thread Group 1-22,text,true,,161,118,100,100,23727,0,1
1520507541616,94,HTTP Request,200,,Thread Group 1-53,text,true,,161,118,100,100,93,0,1
1520507541510,203,HTTP Request,200,,Thread Group 1-20,text,true,,161,118,100,100,202,0,0
1520507541211,507,HTTP Request,200,,Thread Group 1-80,text,true,,161,118,100,100,505,0,0
1520507522233,19487,HTTP Request,200,,Thread Group 1-47,text,true,,161,118,100,100,19486,0,19046
1520507541302,423,HTTP Request,200,,Thread Group 1-92,text,true,,161,118,100,100,423,0,0
1520507541464,267,HTTP Request,200,,Thread Group 1-7,text,true,,161,118,100,100,236,0,1
1520507541501,243,HTTP Request,200,,Thread Group 1-76,text,true,,161,118,100,100,243,0,0
1520507522017,19731,HTTP Request,200,,Thread Group 1-94,text,true,,161,118,100,100,19731,0,19252
1520507541481,273,HTTP Request,200,,Thread Group 1-99,text,true,,161,118,100,100,272,0,0
1520507541398,370,HTTP Request,200,,Thread Group 1-45,text,true,,161,118,100,100,370,0,82
1520507541396,373,HTTP Request,200,,Thread Group 1-37,text,true,,161,118,100,100,370,0,47
1520507541405,385,HTTP Request,200,,Thread Group 1-66,text,true,,161,118,100,100,384,0,0
1520507541463,328,HTTP Request,200,,Thread Group 1-96,text,true,,161,118,100,100,328,0,0
1520507541454,359,HTTP Request,200,,Thread Group 1-39,text,true,,161,118,100,100,358,0,8
1520507541310,511,HTTP Request,200,,Thread Group 1-3,text,true,,161,118,100,100,479,0,77
1520507541417,405,HTTP Request,200,,Thread Group 1-21,text,true,,161,118,100,100,405,0,0
1520507516320,25510,HTTP Request,200,,Thread Group 1-25,text,true,,161,118,100,100,25482,0,24954
1520507541250,589,HTTP Request,200,,Thread Group 1-17,text,true,,161,118,100,100,587,0,0
1520507541627,213,HTTP Request,200,,Thread Group 1-82,text,true,,161,118,100,100,212,0,14
1520507541403,454,HTTP Request,200,,Thread Group 1-77,text,true,,161,118,100,100,454,0,1
1520507516625,25233,HTTP Request,200,,Thread Group 1-10,text,true,,161,118,100,100,25232,0,24731
1520507541718,150,HTTP Request,200,,Thread Group 1-80,text,true,,161,118,100,100,150,0,4
1520507541515,366,HTTP Request,200,,Thread Group 1-73,text,true,,161,118,100,100,366,0,0
1520507541590,303,HTTP Request,200,,Thread Group 1-87,text,true,,161,118,100,100,302,0,1
1520507541556,340,HTTP Request,200,,Thread Group 1-91,text,true,,161,118,100,100,340,0,1
1520507541704,192,HTTP Request,200,,Thread Group 1-34,text,true,,161,118,100,100,191,0,28
1520507515869,26029,HTTP Request,200,,Thread Group 1-93,text,true,,161,118,100,100,26029,0,25791
1520507460089,33063,HTTP Request,200,,Thread Group 1-31,text,true,,161,118,100,100,33063,0,8276
1520507541219,692,HTTP Request,200,,Thread Group 1-75,text,true,,161,118,100,100,686,0,1
1520507460308,32864,HTTP Request,200,,Thread Group 1-48,text,true,,161,118,100,100,32864,0,8071
1520507541393,535,HTTP Request,200,,Thread Group 1-98,text,true,,161,118,100,100,535,0,25
1520507461252,31923,HTTP Request,200,,Thread Group 1-82,text,true,,161,118,100,100,31923,0,10014
1520507541507,436,HTTP Request,200,,Thread Group 1-6,text,true,,161,118,100,100,421,0,57
1520507541602,346,HTTP Request,200,,Thread Group 1-9,text,true,,161,118,100,100,328,0,26
1520507460309,32867,HTTP Request,200,,Thread Group 1-70,text,true,,161,118,100,100,32817,0,8073
1520507541316,644,HTTP Request,200,,Thread Group 1-12,text,true,,161,118,100,100,635,0,14
1520507460090,33093,HTTP Request,200,,Thread Group 1-23,text,true,,161,118,100,100,33054,0,8378
1520507541545,444,HTTP Request,200,,Thread Group 1-67,text,true,,161,118,100,100,444,0,40
1520507459022,34160,HTTP Request,200,,Thread Group 1-38,text,true,,161,118,100,100,34146,0,9343
1520507541844,147,HTTP Request,200,,Thread Group 1-17,text,true,,161,118,100,100,147,0,4
1520507460090,33094,HTTP Request,200,,Thread Group 1-59,text,true,,161,118,100,100,33091,0,8275
1520507541869,130,HTTP Request,200,,Thread Group 1-80,text,true,,161,118,100,100,126,0,0
1520507460309,32877,HTTP Request,200,,Thread Group 1-28,text,true,,161,118,100,100,32874,0,10677
1520507460089,33922,HTTP Request,200,,Thread Group 1-100,text,true,,161,118,100,100,33922,0,8276
1520507459053,34965,HTTP Request,200,,Thread Group 1-79,text,true,,161,118,100,100,34137,0,12159
1520507460096,34110,HTTP Request,200,,Thread Group 1-47,text,true,,161,118,100,100,34027,0,8269
1520507460308,33959,HTTP Request,200,,Thread Group 1-3,text,true,,161,118,100,100,33732,0,8074
1520507460090,34330,HTTP Request,200,,Thread Group 1-19,text,true,,161,118,100,100,34330,0,8275
1520507460215,34234,HTTP Request,200,,Thread Group 1-51,text,true,,161,118,100,100,34230,0,8166
1520507460309,34151,HTTP Request,200,,Thread Group 1-43,text,true,,161,118,100,100,34151,0,9367
1520507460099,34364,HTTP Request,200,,Thread Group 1-56,text,true,,161,118,100,100,34364,0,8914
1520507460090,34375,HTTP Request,200,,Thread Group 1-58,text,true,,161,118,100,100,34368,0,8275
1520507460215,34259,HTTP Request,200,,Thread Group 1-11,text,true,,161,118,100,100,34227,0,8164
1520507460090,34509,HTTP Request,200,,Thread Group 1-55,text,true,,161,118,100,100,34383,0,8275
1520507459556,35043,HTTP Request,200,,Thread Group 1-50,text,true,,161,118,100,100,35043,0,9647
1520507460310,34312,HTTP Request,200,,Thread Group 1-2,text,true,,161,118,100,100,34284,0,10889
1520507460215,34506,HTTP Request,200,,Thread Group 1-94,text,true,,161,118,100,100,34406,0,8164
1520507459555,35106,HTTP Request,200,,Thread Group 1-6,text,true,,161,118,100,100,35097,0,11724
1520507459556,35209,HTTP Request,200,,Thread Group 1-57,text,true,,161,118,100,100,35208,0,9463
1520507459556,35209,HTTP Request,200,,Thread Group 1-60,text,true,,161,118,100,100,35209,0,9464
1520507459022,36874,HTTP Request,200,,Thread Group 1-84,text,true,,161,118,100,100,34998,0,11962
1520507460096,35800,HTTP Request,200,,Thread Group 1-74,text,true,,161,118,100,100,33924,0,10046
1520507460215,35838,HTTP Request,200,,Thread Group 1-98,text,true,,161,118,100,100,35680,0,8579
1520507460090,36212,HTTP Request,200,,Thread Group 1-49,text,true,,161,118,100,100,34766,0,11123
1520507460090,36212,HTTP Request,200,,Thread Group 1-20,text,true,,161,118,100,100,35806,0,11576
1520507460308,36069,HTTP Request,200,,Thread Group 1-17,text,true,,161,118,100,100,35895,0,10913
1520507460099,36436,HTTP Request,200,,Thread Group 1-62,text,true,,161,118,100,100,35798,0,10886
1520507460212,36577,HTTP Request,200,,Thread Group 1-83,text,true,,161,118,100,100,36576,0,8170
1520507460214,38622,HTTP Request,200,,Thread Group 1-93,text,true,,161,118,100,100,38314,0,11015
1520507460215,39170,HTTP Request,200,,Thread Group 1-64,text,true,,161,118,100,100,39169,0,11252
1520507460215,39171,HTTP Request,200,,Thread Group 1-14,text,true,,161,118,100,100,39171,0,8167
1520507461252,38142,HTTP Request,200,,Thread Group 1-36,text,true,,161,118,100,100,38136,0,10415
1520507460214,39210,HTTP Request,200,,Thread Group 1-37,text,true,,161,118,100,100,39206,0,10772
1520507499393,1563,HTTP Request,200,,Thread Group 1-36,text,true,,161,118,100,100,1563,0,1
1520507482002,18957,HTTP Request,200,,Thread Group 1-5,text,true,,161,118,100,100,18957,0,6
1520507493183,7776,HTTP Request,200,,Thread Group 1-23,text,true,,161,118,100,100,7776,0,0
1520507460099,40862,HTTP Request,200,,Thread Group 1-61,text,true,,161,118,100,100,40862,0,8280
1520507482324,18637,HTTP Request,200,,Thread Group 1-44,text,true,,161,118,100,100,18637,0,1502
1520507460310,39150,HTTP Request,200,,Thread Group 1-40,text,true,,161,118,100,100,39149,0,10673
1520507499384,1581,HTTP Request,200,,Thread Group 1-64,text,true,,161,118,100,100,1581,0,0
1520507459556,41408,HTTP Request,200,,Thread Group 1-90,text,true,,161,118,100,100,41408,0,11432
1520507459556,41906,HTTP Request,200,,Thread Group 1-8,text,true,,161,118,100,100,41906,0,11726
1520507460099,41337,HTTP Request,200,,Thread Group 1-4,text,true,,161,118,100,100,40865,0,11183
1520507493141,8652,HTTP Request,200,,Thread Group 1-54,text,true,,161,118,100,100,8651,0,1
1520507482476,19377,HTTP Request,200,,Thread Group 1-85,text,true,,161,118,100,100,19376,0,1005
1520507459556,45011,HTTP Request,200,,Thread Group 1-92,text,true,,161,118,100,100,45010,0,11665
1520507460090,44485,HTTP Request,200,,Thread Group 1-73,text,true,,161,118,100,100,41576,0,10050
1520507517494,23721,HTTP Request,200,,Thread Group 1-78,text,true,,161,118,100,100,912,0,0
1520507514981,26234,HTTP Request,200,,Thread Group 1-28,text,true,,161,118,100,100,3360,0,1
1520507517499,23717,HTTP Request,200,,Thread Group 1-46,text,true,,161,118,100,100,498,0,1
1520507514989,26228,HTTP Request,200,,Thread Group 1-48,text,true,,161,118,100,100,26228,0,1
1520507514491,26730,HTTP Request,200,,Thread Group 1-59,text,true,,161,118,100,100,26730,0,0
1520507514422,26809,HTTP Request,200,,Thread Group 1-41,text,true,,161,118,100,100,26808,0,0
1520507494017,47233,HTTP Request,200,,Thread Group 1-82,text,true,,161,118,100,100,25407,0,553
1520507494420,10155,HTTP Request,200,,Thread Group 1-19,text,true,,161,118,100,100,10155,0,1705
1520507459321,41643,HTTP Request,200,,Thread Group 1-16,text,true,,161,118,100,100,41635,0,10356
1520507495895,8681,HTTP Request,200,,Thread Group 1-79,text,true,,161,118,100,100,8681,0,2633
1520507494598,9980,HTTP Request,200,,Thread Group 1-50,text,true,,161,118,100,100,9980,0,0
1520507493184,11395,HTTP Request,200,,Thread Group 1-38,text,true,,161,118,100,100,11395,0,0
1520507494800,26396,HTTP Request,200,,Thread Group 1-2,text,true,,161,118,100,100,26395,0,1097
1520507482001,59260,HTTP Request,200,,Thread Group 1-67,text,true,,161,118,100,100,59260,0,9
1520507482639,58627,HTTP Request,200,,Thread Group 1-81,text,true,,161,118,100,100,38558,0,18
1520507482008,40221,HTTP Request,200,,Thread Group 1-96,text,true,,161,118,100,100,34541,0,392
1520507482001,59276,HTTP Request,200,,Thread Group 1-24,text,true,,161,118,100,100,40301,0,2118
1520507504589,36692,HTTP Request,200,,Thread Group 1-57,text,true,,161,118,100,100,36686,0,7725
1520507514947,26343,HTTP Request,200,,Thread Group 1-26,text,true,,161,118,100,100,26343,0,3384
1520507512321,28972,HTTP Request,200,,Thread Group 1-71,text,true,,161,118,100,100,28971,0,4828
1520507520814,20486,HTTP Request,200,,Thread Group 1-9,text,true,,161,118,100,100,20486,0,2
1520507520438,20863,HTTP Request,200,,Thread Group 1-92,text,true,,161,118,100,100,20863,0,1
1520507510156,31153,HTTP Request,200,,Thread Group 1-16,text,true,,161,118,100,100,31153,0,11290
1520507541725,275,HTTP Request,200,,Thread Group 1-92,text,true,,161,118,100,100,275,0,1
1520507541378,626,HTTP Request,200,,Thread Group 1-32,text,true,,161,118,100,100,616,0,1
1520507541859,148,HTTP Request,200,,Thread Group 1-10,text,true,,161,118,100,100,137,0,6
1520507541769,244,HTTP Request,200,,Thread Group 1-45,text,true,,161,118,100,100,244,0,0
1520507541537,477,HTTP Request,200,,Thread Group 1-24,text,true,,161,118,100,100,461,0,38
1520507541605,413,HTTP Request,200,,Thread Group 1-95,text,true,,161,118,100,100,413,0,32
1520507541556,462,HTTP Request,200,,Thread Group 1-2,text,true,,161,118,100,100,462,0,1
1520507541792,252,HTTP Request,200,,Thread Group 1-96,text,true,,161,118,100,100,252,0,0
1520507541671,375,HTTP Request,200,,Thread Group 1-5,text,true,,161,118,100,100,375,0,1
1520507541585,468,HTTP Request,200,,Thread Group 1-40,text,true,,161,118,100,100,468,0,21
1520507541755,306,HTTP Request,200,,Thread Group 1-99,text,true,,161,118,100,100,306,0,0
1520507541898,164,HTTP Request,200,,Thread Group 1-93,text,true,,161,118,100,100,164,0,1
1520507541672,394,HTTP Request,200,,Thread Group 1-15,text,true,,161,118,100,100,394,0,16
1520507541558,515,HTTP Request,200,,Thread Group 1-65,text,true,,161,118,100,100,515,0,0
1520507541565,516,HTTP Request,200,,Thread Group 1-81,text,true,,161,118,100,100,516,0,72
1520507541748,342,HTTP Request,200,,Thread Group 1-94,text,true,,161,118,100,100,342,0,14
1520507541822,269,HTTP Request,200,,Thread Group 1-3,text,true,,161,118,100,100,248,0,0
1520507541896,197,HTTP Request,200,,Thread Group 1-91,text,true,,161,118,100,100,196,0,1
1520507541745,352,HTTP Request,200,,Thread Group 1-76,text,true,,161,118,100,100,296,0,12
1520507541840,266,HTTP Request,200,,Thread Group 1-82,text,true,,161,118,100,100,232,0,0
1520507541569,538,HTTP Request,200,,Thread Group 1-71,text,true,,161,118,100,100,514,0,0
1520507541710,399,HTTP Request,200,,Thread Group 1-53,text,true,,161,118,100,100,291,0,15
1520507541790,325,HTTP Request,200,,Thread Group 1-66,text,true,,161,118,100,100,325,0,0
1520507541813,308,HTTP Request,200,,Thread Group 1-39,text,true,,161,118,100,100,308,0,0
1520507541857,266,HTTP Request,200,,Thread Group 1-77,text,true,,161,118,100,100,266,0,1
1520507541912,215,HTTP Request,200,,Thread Group 1-75,text,true,,161,118,100,100,215,0,0
1520507541830,300,HTTP Request,200,,Thread Group 1-25,text,true,,161,118,100,100,246,0,11
1520507541720,410,HTTP Request,200,,Thread Group 1-47,text,true,,161,118,100,100,410,0,0
1520507541882,259,HTTP Request,200,,Thread Group 1-73,text,true,,161,118,100,100,257,0,0
1520507541897,246,HTTP Request,200,,Thread Group 1-87,text,true,,161,118,100,100,246,0,0
1520507541637,509,HTTP Request,200,,Thread Group 1-49,text,true,,161,118,100,100,425,0,0
1520507541569,584,HTTP Request,200,,Thread Group 1-84,text,true,,161,118,100,100,584,0,69
1520507541550,609,HTTP Request,200,,Thread Group 1-26,text,true,,161,118,100,100,608,0,1
1520507541929,232,HTTP Request,200,,Thread Group 1-98,text,true,,161,118,100,100,232,0,0
1520507541960,236,HTTP Request,200,,Thread Group 1-12,text,true,,161,118,100,100,236,0,2
1520507542073,127,HTTP Request,200,,Thread Group 1-65,text,true,,161,118,100,100,127,0,1
1520507541945,306,HTTP Request,200,,Thread Group 1-6,text,true,,161,118,100,100,306,0,1
1520507542063,192,HTTP Request,200,,Thread Group 1-93,text,true,,161,118,100,100,192,0,11
1520507504590,37109,HTTP Request,200,,Thread Group 1-33,text,true,,161,118,100,100,13444,0,7726
1520507504587,37100,HTTP Request,200,,Thread Group 1-60,text,true,,161,118,100,100,13451,0,6230
1520507542018,245,HTTP Request,200,,Thread Group 1-2,text,true,,161,118,100,100,238,0,1
1520507542014,251,HTTP Request,200,,Thread Group 1-24,text,true,,161,118,100,100,251,0,9
1520507542007,259,HTTP Request,200,,Thread Group 1-10,text,true,,161,118,100,100,243,0,4
1520507541990,278,HTTP Request,200,,Thread Group 1-67,text,true,,161,118,100,100,257,0,1
1520507542082,187,HTTP Request,200,,Thread Group 1-81,text,true,,161,118,100,100,186,0,0
1520507542091,184,HTTP Request,200,,Thread Group 1-94,text,true,,161,118,100,100,183,0,0
1520507541992,291,HTTP Request,200,,Thread Group 1-17,text,true,,161,118,100,100,287,0,0
1520507542053,233,HTTP Request,200,,Thread Group 1-40,text,true,,161,118,100,100,232,0,150
1520507542098,190,HTTP Request,200,,Thread Group 1-76,text,true,,161,118,100,100,184,0,0
1520507542109,189,HTTP Request,200,,Thread Group 1-53,text,true,,161,118,100,100,187,0,1
1520507542128,177,HTTP Request,200,,Thread Group 1-75,text,true,,161,118,100,100,176,0,0
1520507542130,180,HTTP Request,200,,Thread Group 1-47,text,true,,161,118,100,100,180,0,1
1520507542130,188,HTTP Request,200,,Thread Group 1-25,text,true,,161,118,100,100,188,0,1
1520507542146,173,HTTP Request,200,,Thread Group 1-49,text,true,,161,118,100,100,171,0,1
1520507542115,208,HTTP Request,200,,Thread Group 1-66,text,true,,161,118,100,100,208,0,1
1520507512319,29939,HTTP Request,200,,Thread Group 1-89,text,true,,161,118,100,100,29380,0,2417
1520507542483,37,HTTP Request,200,,Thread Group 1-89,text,true,,161,118,100,100,37,0,27
1520507542483,41,HTTP Request,200,,Thread Group 1-60,text,true,,161,118,100,100,40,0,31
1520507542483,45,HTTP Request,200,,Thread Group 1-33,text,true,,161,118,100,100,43,0,28
1520507542520,18,HTTP Request,200,,Thread Group 1-89,text,true,,161,118,100,100,17,0,2
1520507541705,1199,HTTP Request,200,,Thread Group 1-27,text,true,,161,118,100,100,1199,0,2
1520507500966,41939,HTTP Request,200,,Thread Group 1-64,text,true,,161,118,100,100,41939,0,40693
1520507519655,23251,HTTP Request,200,,Thread Group 1-97,text,true,,161,118,100,100,23251,0,22428
1520507542524,385,HTTP Request,200,,Thread Group 1-60,text,true,,161,118,100,100,385,0,0
1520507542528,384,HTTP Request,200,,Thread Group 1-33,text,true,,161,118,100,100,381,0,1
1520507542906,10,HTTP Request,200,,Thread Group 1-97,text,true,,161,118,100,100,10,0,1
1520507542904,19,HTTP Request,200,,Thread Group 1-27,text,true,,161,118,100,100,19,0,1
1520507543082,153,HTTP Request,200,,Thread Group 1-64,text,true,,161,118,100,100,153,0,15
1520507542917,325,HTTP Request,200,,Thread Group 1-97,text,true,,161,118,100,100,325,0,1
1520507543236,26,HTTP Request,200,,Thread Group 1-64,text,true,,161,118,100,100,25,0,7
1520507460308,21039,HTTP Request,200,,Thread Group 1-68,text,true,,161,118,100,100,19807,0,10677
1520507551827,43,HTTP Request,200,,Thread Group 1-68,text,true,,161,118,10,10,43,0,1
1520507551870,17,HTTP Request,200,,Thread Group 1-68,text,true,,161,118,10,10,16,0,1
1520507551887,10,HTTP Request,200,,Thread Group 1-68,text,true,,161,118,10,10,9,0,1
1520507551897,13,HTTP Request,200,,Thread Group 1-68,text,true,,161,118,10,10,12,0,2
1520507517891,23402,HTTP Request,200,,Thread Group 1-13,text,true,,161,118,100,100,23401,0,23320
1520507552518,17,HTTP Request,200,,Thread Group 1-13,text,true,,161,118,9,9,16,0,0
1520507541374,574,HTTP Request,200,,Thread Group 1-55,text,true,,161,118,100,100,567,0,309
1520507552639,31,HTTP Request,200,,Thread Group 1-55,text,true,,161,118,9,9,30,0,1
1520507552535,137,HTTP Request,200,,Thread Group 1-13,text,true,,161,118,8,8,137,0,1
1520507552672,29,HTTP Request,200,,Thread Group 1-13,text,true,,161,118,8,8,28,0,1
1520507510203,4786,HTTP Request,200,,Thread Group 1-36,text,true,,161,118,100,100,4785,0,0
1520507552720,13,HTTP Request,200,,Thread Group 1-36,text,true,,161,118,7,7,13,0,1
1520507493151,11426,HTTP Request,200,,Thread Group 1-31,text,true,,161,118,100,100,11426,0,1160
1520507552760,102,HTTP Request,200,,Thread Group 1-31,text,true,,161,118,6,6,101,0,0
1520507552862,13,HTTP Request,200,,Thread Group 1-31,text,true,,161,118,6,6,12,0,0
1520507552875,14,HTTP Request,200,,Thread Group 1-31,text,true,,161,118,6,6,12,0,1
1520507557687,8,HTTP Request,200,,Thread Group 1-30,text,true,,161,118,5,5,7,0,0
1520507557695,8,HTTP Request,200,,Thread Group 1-30,text,true,,161,118,5,5,8,0,0
1520507557703,16,HTTP Request,200,,Thread Group 1-30,text,true,,161,118,5,5,15,0,1
1520507557719,243,HTTP Request,200,,Thread Group 1-30,text,true,,161,118,5,5,243,0,236
1520507558014,15,HTTP Request,200,,Thread Group 1-35,text,true,,161,118,3,3,15,0,1
1520507558020,14,HTTP Request,200,,Thread Group 1-16,text,true,,161,118,3,3,13,0,1
1520507558019,44,HTTP Request,200,,Thread Group 1-38,text,true,,161,118,3,3,12,0,1
1520507558058,21,HTTP Request,200,,Thread Group 1-35,text,true,,161,118,3,3,20,0,1
1520507558058,21,HTTP Request,200,,Thread Group 1-16,text,true,,161,118,3,3,20,0,8
1520507558065,27,HTTP Request,200,,Thread Group 1-38,text,true,,161,118,2,2,27,0,1
1520507558093,10,HTTP Request,200,,Thread Group 1-38,text,true,,161,118,2,2,10,0,0
1520507558079,26,HTTP Request,200,,Thread Group 1-16,text,true,,161,118,2,2,26,0,3
1520507440353,76392,HTTP Request,200,,Thread Group 1-56,text,true,,161,118,100,100,76392,0,2245
1520507536776,3311,HTTP Request,200,,Thread Group 1-79,text,true,,161,118,100,100,3310,0,3057
1520507440559,79246,HTTP Request,200,,Thread Group 1-67,text,true,,161,118,100,100,79246,0,2412
1520507553521,490,HTTP Request,200,,Thread Group 1-33,text,true,,161,118,100,100,490,0,1
1520507531054,5547,HTTP Request,200,,Thread Group 1-41,text,true,,161,118,100,100,5547,0,1820
1520507530224,6378,HTTP Request,200,,Thread Group 1-87,text,true,,161,118,100,100,6378,0,2666
1520507530219,6384,HTTP Request,200,,Thread Group 1-22,text,true,,161,118,100,100,6384,0,2670
1520507530220,6383,HTTP Request,200,,Thread Group 1-69,text,true,,161,118,100,100,6383,0,2667
1520507530222,6381,HTTP Request,200,,Thread Group 1-32,text,true,,161,118,100,100,6381,0,3031
1520507440559,71689,HTTP Request,200,,Thread Group 1-48,text,true,,161,118,100,100,66597,0,2036
1520507440561,76185,HTTP Request,200,,Thread Group 1-12,text,true,,161,118,100,100,76185,0,2022
1520507531053,5551,HTTP Request,200,,Thread Group 1-66,text,true,,161,118,100,100,5551,0,1836
1520507440560,76863,HTTP Request,200,,Thread Group 1-21,text,true,,161,118,100,100,76863,0,2039
1520507440426,78016,HTTP Request,200,,Thread Group 1-13,text,true,,161,118,100,100,77892,0,2625
1520507553329,682,HTTP Request,200,,Thread Group 1-53,text,true,,161,118,100,100,682,0,0
1520507440419,76340,HTTP Request,200,,Thread Group 1-80,text,true,,161,118,100,100,76340,0,2629
1520507440427,80650,HTTP Request,200,,Thread Group 1-14,text,true,,161,118,100,100,80649,0,3279
1520507440561,76179,HTTP Request,200,,Thread Group 1-85,text,true,,161,118,100,100,76179,0,2040
1520507530222,6383,HTTP Request,200,,Thread Group 1-82,text,true,,161,118,100,100,6382,0,2665
1520507440510,76247,HTTP Request,200,,Thread Group 1-25,text,true,,161,118,100,100,76247,0,3157
1520507553291,722,HTTP Request,200,,Thread Group 1-87,text,true,,161,118,100,100,722,0,0
1520507440514,72187,HTTP Request,200,,Thread Group 1-45,text,true,,161,118,100,100,71730,0,2535
1520507553579,436,HTTP Request,200,,Thread Group 1-65,text,true,,161,118,100,100,436,0,1
1520507440560,77680,HTTP Request,200,,Thread Group 1-55,text,true,,161,118,100,100,77565,0,2039
1520507553558,575,HTTP Request,200,,Thread Group 1-26,text,true,,161,118,100,100,575,0,0
1520507440514,76230,HTTP Request,200,,Thread Group 1-69,text,true,,161,118,100,100,76230,0,2535
1520507553595,538,HTTP Request,200,,Thread Group 1-27,text,true,,161,118,100,100,538,0,151
1520507440425,79350,HTTP Request,200,,Thread Group 1-70,text,true,,161,118,100,100,79350,0,3243
1520507530222,6386,HTTP Request,200,,Thread Group 1-12,text,true,,161,118,100,100,6386,0,2648
1520507440513,76227,HTTP Request,200,,Thread Group 1-58,text,true,,161,118,100,100,76226,0,2081
1520507440452,80625,HTTP Request,200,,Thread Group 1-15,text,true,,161,118,100,100,77985,0,2482
1520507440418,76330,HTTP Request,200,,Thread Group 1-77,text,true,,161,118,100,100,76329,0,2181
1520507440423,71825,HTTP Request,200,,Thread Group 1-5,text,true,,161,118,100,100,65555,0,2158
1520507530221,6388,HTTP Request,200,,Thread Group 1-25,text,true,,161,118,100,100,6387,0,2664
1520507440514,76237,HTTP Request,200,,Thread Group 1-64,text,true,,161,118,100,100,76237,0,2537
1520507531053,5556,HTTP Request,200,,Thread Group 1-93,text,true,,161,118,100,100,5556,0,1823
1520507440475,80602,HTTP Request,200,,Thread Group 1-16,text,true,,161,118,100,100,80602,0,2120
1520507530222,6389,HTTP Request,200,,Thread Group 1-5,text,true,,161,118,100,100,6389,0,2677
1520507440428,76320,HTTP Request,200,,Thread Group 1-94,text,true,,161,118,100,100,76316,0,2155
1520507530223,6389,HTTP Request,200,,Thread Group 1-29,text,true,,161,118,100,100,6387,0,2651
1520507440420,76340,HTTP Request,200,,Thread Group 1-11,text,true,,161,118,100,100,76340,0,2628
1520507553564,570,HTTP Request,200,,Thread Group 1-31,text,true,,161,118,100,100,570,0,0
1520507440560,76187,HTTP Request,200,,Thread Group 1-41,text,true,,161,118,100,100,76187,0,2036
1520507553205,929,HTTP Request,200,,Thread Group 1-49,text,true,,161,118,100,100,929,0,1
1520507440514,76233,HTTP Request,200,,Thread Group 1-60,text,true,,161,118,100,100,76232,0,2536
1520507553620,516,HTTP Request,200,,Thread Group 1-17,text,true,,161,118,100,100,515,0,0
1520507440427,76318,HTTP Request,200,,Thread Group 1-29,text,true,,161,118,100,100,76318,0,2166
1520507539806,14395,HTTP Request,200,,Thread Group 1-76,text,true,,161,118,100,100,14394,0,13352
1520507440513,80564,HTTP Request,200,,Thread Group 1-2,text,true,,161,118,100,100,78065,0,2082
1520507440419,76533,HTTP Request,200,,Thread Group 1-36,text,true,,161,118,100,100,76469,0,2179
1520507440550,76197,HTTP Request,200,,Thread Group 1-84,text,true,,161,118,100,100,76197,0,2500
1520507440558,79011,HTTP Request,200,,Thread Group 1-54,text,true,,161,118,100,100,79004,0,2037
1520507440423,71825,HTTP Request,200,,Thread Group 1-31,text,true,,161,118,100,100,65555,0,2170
1520507440427,76674,HTTP Request,200,,Thread Group 1-49,text,true,,161,118,100,100,76663,0,2172
1520507440559,76191,HTTP Request,200,,Thread Group 1-79,text,true,,161,118,100,100,76191,0,2023
1520507440425,78612,HTTP Request,200,,Thread Group 1-46,text,true,,161,118,100,100,78609,0,2176
1520507440561,76188,HTTP Request,200,,Thread Group 1-92,text,true,,161,118,100,100,76188,0,2040
1520507440489,80792,HTTP Request,200,,Thread Group 1-100,text,true,,161,118,100,100,80589,0,2104
1520507440515,76235,HTTP Request,200,,Thread Group 1-82,text,true,,161,118,100,100,76235,0,2534
1520507440561,78475,HTTP Request,200,,Thread Group 1-35,text,true,,161,118,100,100,76391,0,2035
1520507440421,76531,HTTP Request,200,,Thread Group 1-43,text,true,,161,118,100,100,76467,0,2176
1520507440421,76337,HTTP Request,200,,Thread Group 1-90,text,true,,161,118,100,100,76337,0,2179
1520507440513,71735,HTTP Request,200,,Thread Group 1-4,text,true,,161,118,100,100,66420,0,2082
1520507440420,71828,HTTP Request,200,,Thread Group 1-28,text,true,,161,118,100,100,66621,0,2180
1520507440422,76327,HTTP Request,200,,Thread Group 1-88,text,true,,161,118,100,100,76318,0,2177
1520507440420,78619,HTTP Request,200,,Thread Group 1-34,text,true,,161,118,100,100,78615,0,2180
1520507440420,76335,HTTP Request,200,,Thread Group 1-68,text,true,,161,118,100,100,76335,0,2161
1520507440417,82659,HTTP Request,200,,Thread Group 1-50,text,true,,161,118,100,100,80660,0,2181
1520507440560,76189,HTTP Request,200,,Thread Group 1-1,text,true,,161,118,100,100,76189,0,2040
1520507440551,80794,HTTP Request,200,,Thread Group 1-9,text,true,,161,118,100,100,80635,0,2499
1520507440559,76183,HTTP Request,200,,Thread Group 1-76,text,true,,161,118,100,100,76182,0,2041
1520507440401,76342,HTTP Request,200,,Thread Group 1-63,text,true,,161,118,100,100,76342,0,2197
1520507440420,76322,HTTP Request,200,,Thread Group 1-65,text,true,,161,118,100,100,76322,0,2160
1520507440488,71760,HTTP Request,200,,Thread Group 1-17,text,true,,161,118,100,100,66446,0,2560
1520507440333,76411,HTTP Request,200,,Thread Group 1-22,text,true,,161,118,100,100,76411,0,2264
1520507440464,76276,HTTP Request,200,,Thread Group 1-6,text,true,,161,118,100,100,76276,0,2131
1520507440422,76330,HTTP Request,200,,Thread Group 1-44,text,true,,161,118,100,100,76330,0,2175
1520507440560,78868,HTTP Request,200,,Thread Group 1-32,text,true,,161,118,100,100,78868,0,2037
1520507440423,76464,HTTP Request,200,,Thread Group 1-42,text,true,,161,118,100,100,76417,0,3245
1520507440514,78526,HTTP Request,200,,Thread Group 1-47,text,true,,161,118,100,100,78521,0,2537
1520507440515,76226,HTTP Request,200,,Thread Group 1-57,text,true,,161,118,100,100,76226,0,2536
1520507440559,76186,HTTP Request,200,,Thread Group 1-18,text,true,,161,118,100,100,76186,0,2042
1520507440558,76199,HTTP Request,200,,Thread Group 1-19,text,true,,161,118,100,100,76199,0,2038
1520507440560,76199,HTTP Request,200,,Thread Group 1-89,text,true,,161,118,100,100,76199,0,2035
1520507440420,71828,HTTP Request,200,,Thread Group 1-20,text,true,,161,118,100,100,66515,0,2160
1520507440490,78939,HTTP Request,200,,Thread Group 1-97,text,true,,161,118,100,100,78939,0,2110
1520507440511,76232,HTTP Request,200,,Thread Group 1-7,text,true,,161,118,100,100,76232,0,2087
1520507440420,76325,HTTP Request,200,,Thread Group 1-93,text,true,,161,118,100,100,76325,0,2160
1520507440424,76322,HTTP Request,200,,Thread Group 1-26,text,true,,161,118,100,100,76322,0,2624
1520507440561,76182,HTTP Request,200,,Thread Group 1-74,text,true,,161,118,100,100,76182,0,2031
1520507440465,71783,HTTP Request,200,,Thread Group 1-62,text,true,,161,118,100,100,65514,0,2117
1520507440424,76317,HTTP Request,200,,Thread Group 1-86,text,true,,161,118,100,100,76317,0,2157
1520507440419,71829,HTTP Request,200,,Thread Group 1-38,text,true,,161,118,100,100,65567,0,2632
1520507440428,76318,HTTP Request,200,,Thread Group 1-72,text,true,,161,118,100,100,76318,0,2622
1520507440526,76226,HTTP Request,200,,Thread Group 1-75,text,true,,161,118,100,100,76226,0,2523
1520507440550,76209,HTTP Request,200,,Thread Group 1-53,text,true,,161,118,100,100,76208,0,2500
1520507440560,71685,HTTP Request,200,,Thread Group 1-8,text,true,,161,118,100,100,66025,0,2039
1520507440561,76186,HTTP Request,200,,Thread Group 1-61,text,true,,161,118,100,100,76186,0,2040
1520507440558,76200,HTTP Request,200,,Thread Group 1-95,text,true,,161,118,100,100,76200,0,2038
1520507440561,71687,HTTP Request,200,,Thread Group 1-10,text,true,,161,118,100,100,66375,0,2040
1520507440423,76335,HTTP Request,200,,Thread Group 1-83,text,true,,161,118,100,100,76335,0,2625
1520507440514,76244,HTTP Request,200,,Thread Group 1-81,text,true,,161,118,100,100,76244,0,2535
1520507440419,76338,HTTP Request,200,,Thread Group 1-3,text,true,,161,118,100,100,76337,0,2629
1520507440429,78611,HTTP Request,200,,Thread Group 1-33,text,true,,161,118,100,100,78606,0,2618
1520507440456,76288,HTTP Request,200,,Thread Group 1-98,text,true,,161,118,100,100,76287,0,2125
1520507440424,76320,HTTP Request,200,,Thread Group 1-40,text,true,,161,118,100,100,76319,0,2159
1520507440552,76204,HTTP Request,200,,Thread Group 1-73,text,true,,161,118,100,100,76204,0,2030
1520507440465,76292,HTTP Request,200,,Thread Group 1-66,text,true,,161,118,100,100,76292,0,2116
1520507440464,76297,HTTP Request,200,,Thread Group 1-78,text,true,,161,118,100,100,76292,0,2118
1520507440428,76318,HTTP Request,200,,Thread Group 1-99,text,true,,161,118,100,100,76318,0,2622
1520507440465,78398,HTTP Request,200,,Thread Group 1-39,text,true,,161,118,100,100,78398,0,2117
1520507440559,76197,HTTP Request,200,,Thread Group 1-87,text,true,,161,118,100,100,76197,0,2037
1520507440416,71832,HTTP Request,200,,Thread Group 1-96,text,true,,161,118,100,100,65562,0,2635
1520507440419,71826,HTTP Request,200,,Thread Group 1-24,text,true,,161,118,100,100,66479,0,2180
1520507440559,76927,HTTP Request,200,,Thread Group 1-27,text,true,,161,118,100,100,76923,0,2038
1520507440333,76410,HTTP Request,200,,Thread Group 1-91,text,true,,161,118,100,100,76410,0,2262
1520507440514,76962,HTTP Request,200,,Thread Group 1-23,text,true,,161,118,100,100,76947,0,2535
1520507440560,71689,HTTP Request,200,,Thread Group 1-37,text,true,,161,118,100,100,65817,0,2042
1520507440561,80515,HTTP Request,200,,Thread Group 1-71,text,true,,161,118,100,100,80515,0,2410
1520507440418,80784,HTTP Request,200,,Thread Group 1-51,text,true,,161,118,100,100,80659,0,2182
1520507440513,83087,HTTP Request,200,,Thread Group 1-52,text,true,,161,118,100,100,82830,0,2080
1520507440424,71822,HTTP Request,200,,Thread Group 1-30,text,true,,161,118,100,100,67273,0,2624
1520507530222,6369,HTTP Request,200,,Thread Group 1-1,text,true,,161,118,100,100,6369,0,2650
1520507530220,6373,HTTP Request,200,,Thread Group 1-91,text,true,,161,118,100,100,6372,0,2664
1520507530223,6391,HTTP Request,200,,Thread Group 1-68,text,true,,161,118,100,100,6390,0,2672
1520507530223,6396,HTTP Request,200,,Thread Group 1-31,text,true,,161,118,100,100,6396,0,2669
1520507531052,5568,HTTP Request,200,,Thread Group 1-20,text,true,,161,118,100,100,5561,0,1823
1520507530218,6402,HTTP Request,200,,Thread Group 1-79,text,true,,161,118,100,100,6396,0,2654
1520507530219,6401,HTTP Request,200,,Thread Group 1-73,text,true,,161,118,100,100,6401,0,2658
1520507530221,6400,HTTP Request,200,,Thread Group 1-40,text,true,,161,118,100,100,6394,0,2677
1520507530222,6400,HTTP Request,200,,Thread Group 1-3,text,true,,161,118,100,100,6377,0,2653
1520507530223,6399,HTTP Request,200,,Thread Group 1-78,text,true,,161,118,100,100,6373,0,2668
1520507530222,6371,HTTP Request,200,,Thread Group 1-89,text,true,,161,118,100,100,6371,0,2652
1520507530219,6404,HTTP Request,200,,Thread Group 1-7,text,true,,161,118,100,100,6380,0,2657
1520507531053,5569,HTTP Request,200,,Thread Group 1-96,text,true,,161,118,100,100,5559,0,1835
1520507531053,5570,HTTP Request,200,,Thread Group 1-4,text,true,,161,118,100,100,5570,0,1819
1520507553571,630,HTTP Request,200,,Thread Group 1-21,text,true,,161,118,100,100,629,0,0
1520507553242,961,HTTP Request,200,,Thread Group 1-36,text,true,,161,118,100,100,961,0,0
1520507553305,910,HTTP Request,200,,Thread Group 1-1,text,true,,161,118,100,100,910,0,1
1520507553299,916,HTTP Request,200,,Thread Group 1-71,text,true,,161,118,100,100,916,0,1
1520507553244,972,HTTP Request,200,,Thread Group 1-13,text,true,,161,118,100,100,972,0,0
1520507553243,1348,HTTP Request,200,,Thread Group 1-94,text,true,,161,118,100,100,1348,0,0
1520507553243,1349,HTTP Request,200,,Thread Group 1-89,text,true,,161,118,100,100,1349,0,0
1520507553566,1026,HTTP Request,200,,Thread Group 1-55,text,true,,161,118,100,100,1026,0,1
1520507536633,61,HTTP Request,200,,Thread Group 1-3,text,true,,161,118,100,100,60,0,5
1520507536651,125,HTTP Request,200,,Thread Group 1-79,text,true,,161,118,100,100,125,0,1
1520507536592,187,HTTP Request,200,,Thread Group 1-1,text,true,,161,118,100,100,186,0,34
1520507536631,164,HTTP Request,200,,Thread Group 1-7,text,true,,161,118,100,100,145,0,1
1520507536652,145,HTTP Request,200,,Thread Group 1-20,text,true,,161,118,100,100,145,0,10
1520507536651,154,HTTP Request,200,,Thread Group 1-73,text,true,,161,118,100,100,149,0,4
1520507536655,152,HTTP Request,200,,Thread Group 1-68,text,true,,161,118,100,100,152,0,0
1520507536657,158,HTTP Request,200,,Thread Group 1-5,text,true,,161,118,100,100,157,0,6
1520507536668,187,HTTP Request,200,,Thread Group 1-69,text,true,,161,118,100,100,185,0,0
1520507536797,68,HTTP Request,200,,Thread Group 1-20,text,true,,161,118,100,100,61,0,1
1520507530731,6183,HTTP Request,200,,Thread Group 1-38,text,true,,161,118,100,100,6183,0,5841
1520507531054,8745,HTTP Request,200,,Thread Group 1-18,text,true,,161,118,100,100,8745,0,1843
1520507530223,9577,HTTP Request,200,,Thread Group 1-99,text,true,,161,118,100,100,6396,0,2680
1520507540062,14531,HTTP Request,200,,Thread Group 1-2,text,true,,161,118,100,100,14531,0,3
1520507530222,9579,HTTP Request,200,,Thread Group 1-90,text,true,,161,118,100,100,6393,0,2654
1520507553588,1005,HTTP Request,200,,Thread Group 1-19,text,true,,161,118,100,100,1005,0,1
1520507531050,8751,HTTP Request,200,,Thread Group 1-42,text,true,,161,118,100,100,5570,0,5522
1520507553250,1344,HTTP Request,200,,Thread Group 1-70,text,true,,161,118,100,100,1344,0,1
1520507530223,9582,HTTP Request,200,,Thread Group 1-81,text,true,,161,118,100,100,6371,0,2651
1520507553161,1433,HTTP Request,200,,Thread Group 1-60,text,true,,161,118,100,100,1433,0,0
1520507530222,6387,HTTP Request,200,,Thread Group 1-53,text,true,,161,118,100,100,6376,0,2669
1520507553265,1331,HTTP Request,200,,Thread Group 1-16,text,true,,161,118,100,100,1330,0,0
1520507530223,9583,HTTP Request,200,,Thread Group 1-76,text,true,,161,118,100,100,6386,0,2677
1520507530221,24376,HTTP Request,200,,Thread Group 1-64,text,true,,161,118,100,100,24376,0,22954
1520507530220,9587,HTTP Request,200,,Thread Group 1-77,text,true,,161,118,100,100,6388,0,2660
1520507553191,1406,HTTP Request,200,,Thread Group 1-39,text,true,,161,118,100,100,1406,0,0
1520507530220,9587,HTTP Request,200,,Thread Group 1-11,text,true,,161,118,100,100,6397,0,2657
1520507553370,1228,HTTP Request,200,,Thread Group 1-22,text,true,,161,118,100,100,1225,0,1
1520507530218,9586,HTTP Request,200,,Thread Group 1-95,text,true,,161,118,100,100,6394,0,2655
1520507553216,1382,HTTP Request,200,,Thread Group 1-25,text,true,,161,118,100,100,1382,0,59
1520507530223,9585,HTTP Request,200,,Thread Group 1-85,text,true,,161,118,100,100,9585,0,2664
1520507540101,14497,HTTP Request,200,,Thread Group 1-86,text,true,,161,118,100,100,14497,0,13112
1520507530220,9585,HTTP Request,200,,Thread Group 1-75,text,true,,161,118,100,100,9585,0,2685
1520507539956,14643,HTTP Request,200,,Thread Group 1-81,text,true,,161,118,100,100,14643,0,13207
1520507530221,9585,HTTP Request,200,,Thread Group 1-19,text,true,,161,118,100,100,6391,0,2665
1520507553207,1394,HTTP Request,200,,Thread Group 1-51,text,true,,161,118,100,100,1393,0,0
1520507536629,170,HTTP Request,200,,Thread Group 1-4,text,true,,161,118,100,100,170,0,10
1520507530222,9595,HTTP Request,200,,Thread Group 1-72,text,true,,161,118,100,100,9595,0,2661
1520507531052,8774,HTTP Request,200,,Thread Group 1-57,text,true,,161,118,100,100,8774,0,2875
1520507536632,3201,HTTP Request,200,,Thread Group 1-78,text,true,,161,118,100,100,3201,0,0
1520507530220,9622,HTTP Request,200,,Thread Group 1-83,text,true,,161,118,100,100,9621,0,4741
1520507530222,9620,HTTP Request,200,,Thread Group 1-97,text,true,,161,118,100,100,9620,0,2662
1520507530222,9581,HTTP Request,200,,Thread Group 1-92,text,true,,161,118,100,100,6382,0,2658
1520507531053,8794,HTTP Request,200,,Thread Group 1-48,text,true,,161,118,100,100,5700,0,5607
1520507530221,9628,HTTP Request,200,,Thread Group 1-51,text,true,,161,118,100,100,9627,0,6632
1520507536694,3156,HTTP Request,200,,Thread Group 1-3,text,true,,161,118,100,100,3156,0,1
1520507530224,24377,HTTP Request,200,,Thread Group 1-14,text,true,,161,118,100,100,24377,0,9672
1520507553239,1361,HTTP Request,200,,Thread Group 1-96,text,true,,161,118,100,100,1361,0,0
1520507553299,1304,HTTP Request,200,,Thread Group 1-75,text,true,,161,118,100,100,1303,0,1
1520507553167,1436,HTTP Request,200,,Thread Group 1-61,text,true,,161,118,100,100,1436,0,1
1520507553282,1322,HTTP Request,200,,Thread Group 1-18,text,true,,161,118,100,100,1322,0,28
1520507553159,1445,HTTP Request,200,,Thread Group 1-100,text,true,,161,118,100,100,1445,0,146
1520507553214,1408,HTTP Request,200,,Thread Group 1-6,text,true,,161,118,100,100,1408,0,0
1520507553177,1445,HTTP Request,200,,Thread Group 1-9,text,true,,161,118,100,100,1445,0,1
1520507553146,1479,HTTP Request,200,,Thread Group 1-93,text,true,,161,118,100,100,1478,0,0
1520507553222,1403,HTTP Request,200,,Thread Group 1-57,text,true,,161,118,100,100,1403,0,1
1520507553190,1435,HTTP Request,200,,Thread Group 1-40,text,true,,161,118,100,100,1435,0,1
1520507554598,31,HTTP Request,200,,Thread Group 1-25,text,true,,161,118,100,100,31,0,4
1520507536808,3046,HTTP Request,200,,Thread Group 1-68,text,true,,161,118,100,100,3046,0,0
1520507536661,3194,HTTP Request,200,,Thread Group 1-29,text,true,,161,118,100,100,3194,0,3
1520507536856,3008,HTTP Request,200,,Thread Group 1-69,text,true,,161,118,100,100,3008,0,0
1520507531053,8811,HTTP Request,200,,Thread Group 1-71,text,true,,161,118,100,100,6115,0,5531
1520507530218,9648,HTTP Request,200,,Thread Group 1-36,text,true,,161,118,100,100,9647,0,4577
1520507530218,9654,HTTP Request,200,,Thread Group 1-35,text,true,,161,118,100,100,6705,0,6354
1520507536667,3205,HTTP Request,200,,Thread Group 1-66,text,true,,161,118,100,100,203,0,4
1520507536806,3066,HTTP Request,200,,Thread Group 1-73,text,true,,161,118,100,100,3066,0,0
1520507531052,8822,HTTP Request,200,,Thread Group 1-43,text,true,,161,118,100,100,8821,0,5866
1520507530220,9658,HTTP Request,200,,Thread Group 1-8,text,true,,161,118,100,100,9655,0,6699
1520507530218,9659,HTTP Request,200,,Thread Group 1-47,text,true,,161,118,100,100,6869,0,4645
1520507530224,9657,HTTP Request,200,,Thread Group 1-23,text,true,,161,118,100,100,9657,0,6358
1520507531010,8875,HTTP Request,200,,Thread Group 1-37,text,true,,161,118,100,100,8875,0,5978
1520507531050,8837,HTTP Request,200,,Thread Group 1-39,text,true,,161,118,100,100,8836,0,5519
1520507530219,9621,HTTP Request,200,,Thread Group 1-17,text,true,,161,118,100,100,9583,0,4199
1520507539923,14707,HTTP Request,200,,Thread Group 1-99,text,true,,161,118,100,100,14707,0,13264
1520507553192,1440,HTTP Request,200,,Thread Group 1-97,text,true,,161,118,100,100,1439,0,1
1520507553604,1028,HTTP Request,200,,Thread Group 1-43,text,true,,161,118,100,100,1028,0,0
1520507553599,1035,HTTP Request,200,,Thread Group 1-37,text,true,,161,118,100,100,1034,0,1
1520507553242,1392,HTTP Request,200,,Thread Group 1-85,text,true,,161,118,100,100,1292,0,0
1520507554592,45,HTTP Request,200,,Thread Group 1-55,text,true,,161,118,100,100,45,0,1
1520507554597,42,HTTP Request,200,,Thread Group 1-64,text,true,,161,118,100,100,42,0,1
1520507553304,1336,HTTP Request,200,,Thread Group 1-30,text,true,,161,118,100,100,1230,0,0
1520507554203,438,HTTP Request,200,,Thread Group 1-21,text,true,,161,118,100,100,438,0,0
1520507554595,48,HTTP Request,200,,Thread Group 1-60,text,true,,161,118,100,100,48,0,0
1520507554594,50,HTTP Request,200,,Thread Group 1-70,text,true,,161,118,100,100,50,0,10
1520507554133,512,HTTP Request,200,,Thread Group 1-26,text,true,,161,118,100,100,512,0,1
1520507554592,53,HTTP Request,200,,Thread Group 1-89,text,true,,161,118,100,100,53,0,1
1520507554202,443,HTTP Request,200,,Thread Group 1-76,text,true,,161,118,100,100,443,0,0
1520507553335,1310,HTTP Request,200,,Thread Group 1-28,text,true,,161,118,100,100,881,0,0
1520507554216,430,HTTP Request,200,,Thread Group 1-71,text,true,,161,118,100,100,429,0,0
1520507553210,1002,HTTP Request,200,,Thread Group 1-38,text,true,,161,118,100,100,1002,0,1
1520507553525,1123,HTTP Request,200,,Thread Group 1-50,text,true,,161,118,100,100,1123,0,0
1520507553220,1429,HTTP Request,200,,Thread Group 1-23,text,true,,161,118,100,100,1429,0,0
1520507553562,1089,HTTP Request,200,,Thread Group 1-62,text,true,,161,118,100,100,1089,0,0
1520507553616,1035,HTTP Request,200,,Thread Group 1-34,text,true,,161,118,100,100,1035,0,1
1520507553504,1148,HTTP Request,200,,Thread Group 1-46,text,true,,161,118,100,100,1147,0,1
1520507553587,1070,HTTP Request,200,,Thread Group 1-35,text,true,,161,118,100,100,1069,0,0
1520507553221,1436,HTTP Request,200,,Thread Group 1-24,text,true,,161,118,100,100,1433,0,0
1520507553223,1431,HTTP Request,200,,Thread Group 1-92,text,true,,161,118,100,100,1430,0,215
1520507554135,525,HTTP Request,200,,Thread Group 1-49,text,true,,161,118,100,100,525,0,0
1520507554133,527,HTTP Request,200,,Thread Group 1-27,text,true,,161,118,100,100,527,0,1
1520507554015,648,HTTP Request,200,,Thread Group 1-65,text,true,,161,118,100,100,647,0,1
1520507553341,1325,HTTP Request,200,,Thread Group 1-15,text,true,,161,118,100,100,1325,0,670
1520507554013,654,HTTP Request,200,,Thread Group 1-87,text,true,,161,118,100,100,651,0,1
1520507554012,656,HTTP Request,200,,Thread Group 1-33,text,true,,161,118,100,100,653,0,0
1520507554203,475,HTTP Request,200,,Thread Group 1-36,text,true,,161,118,100,100,475,0,449
1520507554660,24,HTTP Request,200,,Thread Group 1-27,text,true,,161,118,100,100,23,0,1
1520507539901,14729,HTTP Request,200,,Thread Group 1-95,text,true,,161,118,100,100,14729,0,13286
1520507554598,136,HTTP Request,200,,Thread Group 1-86,text,true,,161,118,100,100,22,0,1
1520507553271,1465,HTTP Request,200,,Thread Group 1-82,text,true,,161,118,100,100,1464,0,39
1520507553269,1475,HTTP Request,200,,Thread Group 1-7,text,true,,161,118,100,100,1361,0,1
1520507554599,149,HTTP Request,200,,Thread Group 1-81,text,true,,161,118,100,100,147,0,96
1520507554664,107,HTTP Request,200,,Thread Group 1-65,text,true,,161,118,100,100,107,0,1
1520507554669,102,HTTP Request,200,,Thread Group 1-33,text,true,,161,118,100,100,98,0,17
1520507554641,132,HTTP Request,200,,Thread Group 1-30,text,true,,161,118,100,100,132,0,48
1520507554594,200,HTTP Request,200,,Thread Group 1-2,text,true,,161,118,100,100,200,0,128
1520507554601,199,HTTP Request,200,,Thread Group 1-51,text,true,,161,118,100,100,199,0,86
1520507554735,66,HTTP Request,200,,Thread Group 1-86,text,true,,161,118,100,100,66,0,2
1520507554630,174,HTTP Request,200,,Thread Group 1-99,text,true,,161,118,100,100,174,0,60
1520507554794,22,HTTP Request,200,,Thread Group 1-2,text,true,,161,118,100,100,13,0,1
1520507554642,179,HTTP Request,200,,Thread Group 1-21,text,true,,161,118,100,100,178,0,47
1520507554736,88,HTTP Request,200,,Thread Group 1-82,text,true,,161,118,100,100,87,0,5
1520507554604,220,HTTP Request,200,,Thread Group 1-100,text,true,,161,118,100,100,220,0,90
1520507530223,9677,HTTP Request,200,,Thread Group 1-94,text,true,,161,118,100,100,9676,0,4928
1520507530221,6367,HTTP Request,200,,Thread Group 1-10,text,true,,161,118,100,100,6367,0,2662
1520507530222,6367,HTTP Request,200,,Thread Group 1-80,text,true,,161,118,100,100,6367,0,2672
1520507539799,130,HTTP Request,200,,Thread Group 1-18,text,true,,161,118,100,100,129,0,1
1520507539807,142,HTTP Request,200,,Thread Group 1-77,text,true,,161,118,100,100,138,0,0
1520507531052,8754,HTTP Request,200,,Thread Group 1-88,text,true,,161,118,100,100,5553,0,1838
1520507536663,3321,HTTP Request,200,,Thread Group 1-12,text,true,,161,118,100,100,3317,0,3160
1520507539808,182,HTTP Request,200,,Thread Group 1-75,text,true,,161,118,100,100,180,0,1
1520507539817,178,HTTP Request,200,,Thread Group 1-72,text,true,,161,118,100,100,177,0,1
1520507530222,9788,HTTP Request,200,,Thread Group 1-100,text,true,,161,118,100,100,9657,0,6347
1520507536630,3407,HTTP Request,200,,Thread Group 1-96,text,true,,161,118,100,100,3406,0,3186
1520507539879,162,HTTP Request,200,,Thread Group 1-8,text,true,,161,118,100,100,162,0,35
1520507539855,188,HTTP Request,200,,Thread Group 1-29,text,true,,161,118,100,100,185,0,1
1520507539808,247,HTTP Request,200,,Thread Group 1-85,text,true,,161,118,100,100,247,0,11
1520507531053,9006,HTTP Request,200,,Thread Group 1-86,text,true,,161,118,100,100,8840,0,4180
1520507539887,172,HTTP Request,200,,Thread Group 1-39,text,true,,161,118,100,100,172,0,4
1520507531053,9007,HTTP Request,200,,Thread Group 1-44,text,true,,161,118,100,100,8848,0,3364
1520507530219,9843,HTTP Request,200,,Thread Group 1-49,text,true,,161,118,100,100,9678,0,5435
1520507531166,8896,HTTP Request,200,,Thread Group 1-2,text,true,,161,118,100,100,8721,0,6257
1520507536670,3393,HTTP Request,200,,Thread Group 1-22,text,true,,161,118,100,100,3393,0,3158
1520507531174,8889,HTTP Request,200,,Thread Group 1-34,text,true,,161,118,100,100,8791,0,6141
1520507536624,3440,HTTP Request,200,,Thread Group 1-41,text,true,,161,118,100,100,3440,0,3193
1520507536635,3430,HTTP Request,200,,Thread Group 1-40,text,true,,161,118,100,100,3430,0,3173
1520507530701,9364,HTTP Request,200,,Thread Group 1-13,text,true,,161,118,100,100,9186,0,6652
1520507536866,3209,HTTP Request,200,,Thread Group 1-20,text,true,,161,118,100,100,3206,0,2998
1520507539893,189,HTTP Request,200,,Thread Group 1-78,text,true,,161,118,100,100,189,0,1
1520507539807,279,HTTP Request,200,,Thread Group 1-11,text,true,,161,118,100,100,279,0,17
1520507553186,1644,HTTP Request,200,,Thread Group 1-52,text,true,,161,118,100,100,1644,0,1501
1520507554632,199,HTTP Request,200,,Thread Group 1-97,text,true,,161,118,100,100,199,0,57
1520507554643,191,HTTP Request,200,,Thread Group 1-60,text,true,,161,118,100,100,186,0,45
1520507553607,1227,HTTP Request,200,,Thread Group 1-67,text,true,,161,118,100,100,1227,0,0
1520507554640,220,HTTP Request,200,,Thread Group 1-64,text,true,,161,118,100,100,219,0,49
1520507553563,1304,HTTP Request,200,,Thread Group 1-10,text,true,,161,118,100,100,1070,0,1
1520507553610,1259,HTTP Request,200,,Thread Group 1-84,text,true,,161,118,100,100,1259,0,1
1520507554773,113,HTTP Request,200,,Thread Group 1-30,text,true,,161,118,100,100,113,0,96
1520507554868,19,HTTP Request,200,,Thread Group 1-10,text,true,,161,118,100,100,18,0,0
1520507554870,21,HTTP Request,200,,Thread Group 1-84,text,true,,161,118,100,100,20,0,0
1520507554693,212,HTTP Request,200,,Thread Group 1-93,text,true,,161,118,100,100,203,0,51
1520507530589,24395,HTTP Request,200,,Thread Group 1-45,text,true,,161,118,100,100,24374,0,23425
1520507554984,12,HTTP Request,200,,Thread Group 1-45,text,true,,161,118,100,100,12,0,0
1520507554996,12,HTTP Request,200,,Thread Group 1-45,text,true,,161,118,100,100,12,0,1
1520507554861,148,HTTP Request,200,,Thread Group 1-64,text,true,,161,118,100,100,148,0,1
1520507555008,10,HTTP Request,200,,Thread Group 1-45,text,true,,161,118,100,100,9,0,1
1520507553569,1454,HTTP Request,200,,Thread Group 1-88,text,true,,161,118,100,100,1033,0,0
1520507554646,425,HTTP Request,200,,Thread Group 1-76,text,true,,161,118,100,100,359,0,42
1520507554646,757,HTTP Request,200,,Thread Group 1-28,text,true,,161,118,100,100,757,0,0
1520507554652,782,HTTP Request,200,,Thread Group 1-46,text,true,,161,118,100,100,782,0,771
1520507554012,1464,HTTP Request,200,,Thread Group 1-53,text,true,,161,118,100,100,1463,0,0
1520507553297,2245,HTTP Request,200,,Thread Group 1-47,text,true,,161,118,100,100,1440,0,0
1520507554694,858,HTTP Request,200,,Thread Group 1-9,text,true,,161,118,100,100,858,0,851
1520507554693,863,HTTP Request,200,,Thread Group 1-57,text,true,,161,118,100,100,863,0,789
1520507554596,986,HTTP Request,200,,Thread Group 1-16,text,true,,161,118,100,100,985,0,978
1520507554216,545,HTTP Request,200,,Thread Group 1-13,text,true,,161,118,100,100,545,0,473
1520507554659,1435,HTTP Request,200,,Thread Group 1-92,text,true,,161,118,100,100,1435,0,28
1520507554691,791,HTTP Request,200,,Thread Group 1-95,text,true,,161,118,100,100,42,0,1
1520507554594,1501,HTTP Request,200,,Thread Group 1-19,text,true,,161,118,100,100,1500,0,0
1520507553183,2914,HTTP Request,200,,Thread Group 1-80,text,true,,161,118,100,100,2914,0,38
1520507553548,2553,HTTP Request,200,,Thread Group 1-32,text,true,,161,118,100,100,2553,0,1565
1520507554834,1269,HTTP Request,200,,Thread Group 1-67,text,true,,161,118,100,100,1269,0,1261
1520507554604,1499,HTTP Request,200,,Thread Group 1-61,text,true,,161,118,100,100,1493,0,119
1520507553212,2885,HTTP Request,200,,Thread Group 1-98,text,true,,161,118,100,100,1810,0,0
1520507554658,1450,HTTP Request,200,,Thread Group 1-24,text,true,,161,118,100,100,1450,0,745
1520507554831,1286,HTTP Request,200,,Thread Group 1-52,text,true,,161,118,100,100,1285,0,1264
1520507555563,565,HTTP Request,200,,Thread Group 1-88,text,true,,161,118,100,100,531,0,1
1520507556103,28,HTTP Request,200,,Thread Group 1-67,text,true,,161,118,100,100,28,0,1
1520507553344,2794,HTTP Request,200,,Thread Group 1-54,text,true,,161,118,100,100,2785,0,665
1520507554650,1486,HTTP Request,200,,Thread Group 1-23,text,true,,161,118,100,100,1486,0,159
1520507555544,610,HTTP Request,200,,Thread Group 1-47,text,true,,161,118,100,100,610,0,560
1520507554651,1504,HTTP Request,200,,Thread Group 1-62,text,true,,161,118,100,100,1504,0,159
1520507554591,1004,HTTP Request,200,,Thread Group 1-94,text,true,,161,118,100,100,169,0,103
1520507554666,1489,HTTP Request,200,,Thread Group 1-15,text,true,,161,118,100,100,1489,0,301
1520507553168,2968,HTTP Request,200,,Thread Group 1-83,text,true,,161,118,100,100,2968,0,261
1520507553435,2802,HTTP Request,200,,Thread Group 1-90,text,true,,161,118,100,100,2694,0,1569
1520507553332,2768,HTTP Request,200,,Thread Group 1-44,text,true,,161,118,100,100,1740,0,1
1520507553325,3038,HTTP Request,200,,Thread Group 1-48,text,true,,161,118,100,100,2830,0,1334
1520507554825,1540,HTTP Request,200,,Thread Group 1-100,text,true,,161,118,100,100,1330,0,0
1520507554626,1785,HTTP Request,200,,Thread Group 1-40,text,true,,161,118,100,100,1529,0,66
1520507556104,348,HTTP Request,200,,Thread Group 1-98,text,true,,161,118,100,100,348,0,1
1520507556108,347,HTTP Request,200,,Thread Group 1-24,text,true,,161,118,100,100,347,0,1
1520507553609,2881,HTTP Request,200,,Thread Group 1-74,text,true,,161,118,100,100,2546,0,1
1520507556104,401,HTTP Request,200,,Thread Group 1-61,text,true,,161,118,100,100,400,0,0
1520507554647,1839,HTTP Request,200,,Thread Group 1-38,text,true,,161,118,100,100,1525,0,823
1520507554623,2362,HTTP Request,200,,Thread Group 1-6,text,true,,161,118,100,100,2361,0,967
1520507556986,24,HTTP Request,200,,Thread Group 1-6,text,true,,161,118,100,100,24,0,2
1520507556461,551,HTTP Request,200,,Thread Group 1-83,text,true,,161,118,100,100,550,0,4
1520507554978,2034,HTTP Request,200,,Thread Group 1-81,text,true,,161,118,100,100,2034,0,1441
1520507556129,883,HTTP Request,200,,Thread Group 1-80,text,true,,161,118,100,100,883,0,195
1520507556140,874,HTTP Request,200,,Thread Group 1-32,text,true,,161,118,100,100,874,0,160
1520507557014,9,HTTP Request,200,,Thread Group 1-83,text,true,,161,118,100,100,9,0,1
1520507556155,896,HTTP Request,200,,Thread Group 1-15,text,true,,161,118,100,100,895,0,886
1520507555552,1514,HTTP Request,200,,Thread Group 1-9,text,true,,161,118,100,100,1514,0,1506
1520507554602,3019,HTTP Request,200,,Thread Group 1-14,text,true,,161,118,100,100,2410,0,84
1520507556120,1503,HTTP Request,200,,Thread Group 1-52,text,true,,161,118,100,100,1501,0,2
1520507555434,2203,HTTP Request,200,,Thread Group 1-46,text,true,,161,118,100,100,2203,0,2195
1520507555583,2041,HTTP Request,200,,Thread Group 1-16,text,true,,161,118,100,100,2041,0,678
1520507554805,2853,HTTP Request,200,,Thread Group 1-99,text,true,,161,118,100,100,2853,0,2844
1520507557013,653,HTTP Request,200,,Thread Group 1-80,text,true,,161,118,100,100,652,0,626
1520507557622,47,HTTP Request,200,,Thread Group 1-14,text,true,,161,118,100,100,46,0,39
1520507557669,51,HTTP Request,200,,Thread Group 1-14,text,true,,161,118,100,100,50,0,42
1520507556139,1599,HTTP Request,200,,Thread Group 1-54,text,true,,161,118,100,100,1599,0,1589
1520507554644,3352,HTTP Request,200,,Thread Group 1-70,text,true,,161,118,100,100,3096,0,1486
1520507556453,1292,HTTP Request,200,,Thread Group 1-98,text,true,,161,118,100,100,1292,0,1
1520507556271,1836,HTTP Request,200,,Thread Group 1-44,text,true,,161,118,100,100,1835,0,1498
1520507557943,343,HTTP Request,200,,Thread Group 1-54,text,true,,161,118,100,100,304,0,164
1520507556363,2085,HTTP Request,200,,Thread Group 1-48,text,true,,161,118,100,100,1290,0,1
1520507556490,2055,HTTP Request,200,,Thread Group 1-74,text,true,,161,118,100,100,1142,0,456
1520507556237,2368,HTTP Request,200,,Thread Group 1-90,text,true,,161,118,100,100,2315,0,2307
1520507558606,8,HTTP Request,200,,Thread Group 1-90,text,true,,161,118,100,100,8,0,0
1520507558608,232,HTTP Request,200,,Thread Group 1-48,text,true,,161,118,100,100,231,0,225
1520507556230,3078,HTTP Request,200,,Thread Group 1-95,text,true,,161,118,100,100,3078,0,3070
1520507440513,76234,HTTP Request,200,,Thread Group 1-59,text,true,,161,118,100,100,76233,0,2079
1520507531052,5537,HTTP Request,200,,Thread Group 1-63,text,true,,161,118,100,100,5537,0,1830
1520507563994,1383,HTTP Request,200,,Thread Group 1-59,text,true,,161,118,88,88,1383,0,932
1520507564738,893,HTTP Request,200,,Thread Group 1-56,text,true,,161,118,88,88,893,0,628
1520507565631,8,HTTP Request,200,,Thread Group 1-56,text,true,,161,118,88,88,8,0,1
1520507565639,9,HTTP Request,200,,Thread Group 1-56,text,true,,161,118,88,88,9,0,1
1520507565649,73,HTTP Request,200,,Thread Group 1-56,text,true,,161,118,87,87,73,0,0
1520507564720,1199,HTTP Request,200,,Thread Group 1-63,text,true,,161,118,86,86,1199,0,998
1520507565378,671,HTTP Request,200,,Thread Group 1-59,text,true,,161,118,86,86,541,0,191
1520507554832,22,HTTP Request,200,,Thread Group 1-97,text,true,,161,118,100,100,22,0,0
1520507565920,302,HTTP Request,200,,Thread Group 1-63,text,true,,161,118,84,84,129,0,0
1520507566222,102,HTTP Request,200,,Thread Group 1-63,text,true,,161,118,82,82,101,0,1
1520507566208,125,HTTP Request,200,,Thread Group 1-59,text,true,,161,118,81,81,125,0,115
1520507566348,175,HTTP Request,200,,Thread Group 1-59,text,true,,161,118,81,81,163,0,107
1520507553199,413,HTTP Request,200,,Thread Group 1-41,text,true,,161,118,100,100,412,0,1
1520507531760,8305,HTTP Request,200,,Thread Group 1-58,text,true,,161,118,100,100,8305,0,5051
1520507612604,897,HTTP Request,200,,Thread Group 1-58,text,true,,161,118,5,5,897,0,0
1520507613503,25,HTTP Request,200,,Thread Group 1-58,text,true,,161,118,5,5,25,0,0
1520507613529,7,HTTP Request,200,,Thread Group 1-58,text,true,,161,118,5,5,7,0,0
1520507616519,8,HTTP Request,200,,Thread Group 1-11,text,true,,161,118,3,3,8,0,0
1520507539823,276,HTTP Request,200,,Thread Group 1-5,text,true,,161,118,100,100,276,0,20
1520507539873,232,HTTP Request,200,,Thread Group 1-66,text,true,,161,118,100,100,232,0,0
1520507531052,9054,HTTP Request,200,,Thread Group 1-50,text,true,,161,118,100,100,9052,0,8845
1520507536662,16484,HTTP Request,200,,Thread Group 1-93,text,true,,161,118,100,100,16483,0,3172
1520507539950,13196,HTTP Request,200,,Thread Group 1-77,text,true,,161,118,100,100,13196,0,0
1520507530220,9846,HTTP Request,200,,Thread Group 1-60,text,true,,161,118,100,100,9673,0,5013
1520507530218,22944,HTTP Request,200,,Thread Group 1-28,text,true,,161,118,100,100,22944,0,6518
1520507530222,22945,HTTP Request,200,,Thread Group 1-61,text,true,,161,118,100,100,9619,0,2655
1520507530224,22943,HTTP Request,200,,Thread Group 1-26,text,true,,161,118,100,100,22943,0,3029
1520507539842,13328,HTTP Request,200,,Thread Group 1-92,text,true,,161,118,100,100,13327,0,13306
1520507530222,22955,HTTP Request,200,,Thread Group 1-9,text,true,,161,118,100,100,22955,0,6364
1520507530222,22956,HTTP Request,200,,Thread Group 1-6,text,true,,161,118,100,100,22954,0,2670
1520507530219,9688,HTTP Request,200,,Thread Group 1-98,text,true,,161,118,100,100,6370,0,2654
1520507530223,9683,HTTP Request,200,,Thread Group 1-84,text,true,,161,118,100,100,6366,0,2648
1520507531054,22132,HTTP Request,200,,Thread Group 1-52,text,true,,161,118,100,100,22131,0,1900
1520507530224,22962,HTTP Request,200,,Thread Group 1-55,text,true,,161,118,100,100,22962,0,5239
1520507540059,13131,HTTP Request,200,,Thread Group 1-39,text,true,,161,118,100,100,13131,0,1
1520507540105,13087,HTTP Request,200,,Thread Group 1-66,text,true,,161,118,100,100,13087,0,1
1520507540106,13086,HTTP Request,200,,Thread Group 1-50,text,true,,161,118,100,100,13086,0,1
1520507540082,13114,HTTP Request,200,,Thread Group 1-78,text,true,,161,118,100,100,13114,0,1
1520507540100,13098,HTTP Request,200,,Thread Group 1-5,text,true,,161,118,100,100,13098,0,0
1520507540064,13135,HTTP Request,200,,Thread Group 1-41,text,true,,161,118,100,100,13135,0,9
1520507539865,13334,HTTP Request,200,,Thread Group 1-69,text,true,,161,118,100,100,13334,0,0
1520507540062,13143,HTTP Request,200,,Thread Group 1-49,text,true,,161,118,100,100,13143,0,1
1520507539849,13357,HTTP Request,200,,Thread Group 1-51,text,true,,161,118,100,100,13357,0,4
1520507530221,22957,HTTP Request,200,,Thread Group 1-74,text,true,,161,118,100,100,22943,0,2658
1520507539873,13335,HTTP Request,200,,Thread Group 1-35,text,true,,161,118,100,100,13335,0,0
1520507539846,13364,HTTP Request,200,,Thread Group 1-38,text,true,,161,118,100,100,13363,0,25
1520507540088,13123,HTTP Request,200,,Thread Group 1-79,text,true,,161,118,100,100,13109,0,0
1520507531053,22162,HTTP Request,200,,Thread Group 1-62,text,true,,161,118,100,100,22127,0,2345
1520507536663,16553,HTTP Request,200,,Thread Group 1-25,text,true,,161,118,100,100,16553,0,3171
1520507539885,13332,HTTP Request,200,,Thread Group 1-37,text,true,,161,118,100,100,13332,0,14
1520507531052,22166,HTTP Request,200,,Thread Group 1-24,text,true,,161,118,100,100,22156,0,8830
1520507539881,13335,HTTP Request,200,,Thread Group 1-23,text,true,,161,118,100,100,13335,0,1
1520507536662,16557,HTTP Request,200,,Thread Group 1-31,text,true,,161,118,100,100,16555,0,3163
1520507539826,13396,HTTP Request,200,,Thread Group 1-57,text,true,,161,118,100,100,13385,0,1
1520507539870,13368,HTTP Request,200,,Thread Group 1-42,text,true,,161,118,100,100,13367,0,13278
1520507540038,13201,HTTP Request,200,,Thread Group 1-96,text,true,,161,118,100,100,13200,0,0
1520507539995,13245,HTTP Request,200,,Thread Group 1-72,text,true,,161,118,100,100,13245,0,1
1520507540055,13186,HTTP Request,200,,Thread Group 1-85,text,true,,161,118,100,100,13186,0,1
1520507540043,13198,HTTP Request,200,,Thread Group 1-29,text,true,,161,118,100,100,13198,0,1
1520507539866,13376,HTTP Request,200,,Thread Group 1-36,text,true,,161,118,100,100,13376,0,20
1520507539812,13431,HTTP Request,200,,Thread Group 1-89,text,true,,161,118,100,100,13430,0,12
1520507539900,13343,HTTP Request,200,,Thread Group 1-94,text,true,,161,118,100,100,13343,0,11
1520507540065,13179,HTTP Request,200,,Thread Group 1-13,text,true,,161,118,100,100,13179,0,1
1520507539984,13265,HTTP Request,200,,Thread Group 1-12,text,true,,161,118,100,100,13265,0,1
1520507531053,22197,HTTP Request,200,,Thread Group 1-70,text,true,,161,118,100,100,22197,0,8830
1520507539855,13396,HTTP Request,200,,Thread Group 1-68,text,true,,161,118,100,100,13396,0,57
1520507530224,23041,HTTP Request,200,,Thread Group 1-16,text,true,,161,118,100,100,23040,0,9625
1520507540064,13201,HTTP Request,200,,Thread Group 1-34,text,true,,161,118,100,100,13201,0,0
1520507539874,13392,HTTP Request,200,,Thread Group 1-73,text,true,,161,118,100,100,13392,0,0
1520507536796,16473,HTTP Request,200,,Thread Group 1-7,text,true,,161,118,100,100,16472,0,3045
1520507539816,13455,HTTP Request,200,,Thread Group 1-82,text,true,,161,118,100,100,13454,0,1
1520507540069,13205,HTTP Request,200,,Thread Group 1-22,text,true,,161,118,100,100,13137,0,0
1520507539851,13430,HTTP Request,200,,Thread Group 1-3,text,true,,161,118,100,100,13429,0,0
1520507539929,13353,HTTP Request,200,,Thread Group 1-18,text,true,,161,118,100,100,13353,0,1
1520507539874,13415,HTTP Request,200,,Thread Group 1-43,text,true,,161,118,100,100,13415,0,0
1520507536635,16655,HTTP Request,200,,Thread Group 1-87,text,true,,161,118,100,100,16655,0,3178
1520507539880,13416,HTTP Request,200,,Thread Group 1-47,text,true,,161,118,100,100,13416,0,0
1520507539817,13481,HTTP Request,200,,Thread Group 1-4,text,true,,161,118,100,100,13481,0,1
1520507539865,13434,HTTP Request,200,,Thread Group 1-71,text,true,,161,118,100,100,13434,0,0
1520507539990,13309,HTTP Request,200,,Thread Group 1-75,text,true,,161,118,100,100,13298,0,1
1520507530218,23061,HTTP Request,200,,Thread Group 1-30,text,true,,161,118,100,100,23061,0,9667
1520507536780,16500,HTTP Request,200,,Thread Group 1-1,text,true,,161,118,100,100,16499,0,3062
1520507553146,161,HTTP Request,200,,Thread Group 1-77,text,true,,161,118,100,100,160,0,1
1520507539878,13450,HTTP Request,200,,Thread Group 1-53,text,true,,161,118,100,100,13450,0,13270
1520507539891,13441,HTTP Request,200,,Thread Group 1-17,text,true,,161,118,100,100,13440,0,13269
1520507553145,187,HTTP Request,200,,Thread Group 1-44,text,true,,161,118,100,100,178,0,1
1520507553163,171,HTTP Request,200,,Thread Group 1-28,text,true,,161,118,100,100,171,0,0
1520507553240,96,HTTP Request,200,,Thread Group 1-72,text,true,,161,118,100,100,96,0,1
1520507530220,23121,HTTP Request,200,,Thread Group 1-15,text,true,,161,118,100,100,23120,0,9675
1520507530218,23125,HTTP Request,200,,Thread Group 1-54,text,true,,161,118,100,100,23125,0,22942
1520507540042,13334,HTTP Request,200,,Thread Group 1-8,text,true,,161,118,100,100,13334,0,24
1520507531052,22452,HTTP Request,200,,Thread Group 1-46,text,true,,161,118,100,100,22451,0,9035
1520507530738,22782,HTTP Request,200,,Thread Group 1-33,text,true,,161,118,100,100,22782,0,22436
1520507553221,303,HTTP Request,200,,Thread Group 1-50,text,true,,161,118,100,100,303,0,1
1520507536667,16881,HTTP Request,200,,Thread Group 1-32,text,true,,161,118,100,100,16881,0,16500
1520507553168,389,HTTP Request,200,,Thread Group 1-26,text,true,,161,118,100,100,389,0,0
1520507553215,346,HTTP Request,200,,Thread Group 1-62,text,true,,161,118,100,100,345,0,8
1520507553250,313,HTTP Request,200,,Thread Group 1-12,text,true,,161,118,100,100,307,0,0
1520507540084,13479,HTTP Request,200,,Thread Group 1-10,text,true,,161,118,100,100,13475,0,13074
1520507553219,345,HTTP Request,200,,Thread Group 1-31,text,true,,161,118,100,100,340,0,0
1520507553186,380,HTTP Request,200,,Thread Group 1-55,text,true,,161,118,100,100,367,0,32
1520507539953,13615,HTTP Request,200,,Thread Group 1-88,text,true,,161,118,100,100,13598,0,13209
1520507531050,22520,HTTP Request,200,,Thread Group 1-21,text,true,,161,118,100,100,22504,0,8829
1520507530218,23361,HTTP Request,200,,Thread Group 1-65,text,true,,161,118,100,100,23361,0,9678
1520507553298,283,HTTP Request,200,,Thread Group 1-4,text,true,,161,118,100,100,263,0,1
1520507553209,377,HTTP Request,200,,Thread Group 1-35,text,true,,161,118,100,100,377,0,0
1520507553168,420,HTTP Request,200,,Thread Group 1-19,text,true,,161,118,100,100,420,0,1
1520507530223,23372,HTTP Request,200,,Thread Group 1-27,text,true,,161,118,100,100,23371,0,22952
1520507553218,381,HTTP Request,200,,Thread Group 1-37,text,true,,161,118,100,100,381,0,56
1520507553289,314,HTTP Request,200,,Thread Group 1-43,text,true,,161,118,100,100,312,0,1
1520507530219,23387,HTTP Request,200,,Thread Group 1-67,text,true,,161,118,100,100,23387,0,22957
1520507553207,402,HTTP Request,200,,Thread Group 1-74,text,true,,161,118,100,100,401,0,0
1520507553198,412,HTTP Request,200,,Thread Group 1-84,text,true,,161,118,100,100,411,0,1
1520507553265,351,HTTP Request,200,,Thread Group 1-34,text,true,,161,118,100,100,350,0,113
1520507553332,287,HTTP Request,200,,Thread Group 1-17,text,true,,161,118,100,100,286,0,105
1520507553377,245,HTTP Request,200,,Thread Group 1-8,text,true,,161,118,100,100,244,0,0
1520507553238,386,HTTP Request,200,,Thread Group 1-42,text,true,,161,118,100,100,385,0,0
1520507615849,8,HTTP Request,200,,Thread Group 1-91,text,true,,161,118,4,4,7,0,1
1520507617152,9,HTTP Request,200,,Thread Group 1-91,text,true,,161,118,3,3,8,0,1
1520507617161,8,HTTP Request,200,,Thread Group 1-91,text,true,,161,118,3,3,8,0,1
1520507617358,7,HTTP Request,200,,Thread Group 1-11,text,true,,161,118,2,2,7,0,1
1520507619138,8,HTTP Request,200,,Thread Group 1-42,text,true,,161,118,1,1,8,0,0
